Neighborhood,Year,own_occ_rate,corp_own_rate,college,tot_pop_18plus,two_or_more_0_17,aapi_0_17,tot_pop_all,other_18plus,nursing,other_inst,black_all,hisp_0_17,tot_unit,aapi_all,military,white_18plus,two_or_more_all,correctional,other_0_17,white_0_17,hisp_18plus,aian_18plus,two_or_more_18plus,black_0_17,vacant_unit,white_all,aian_0_17,other_noninst,tot_pop_0_17,aian_all,tot_gq_pop,occ_unit,aapi_18plus,juvenile,other_all,hisp_all,black_18plus,objectid
Allston,2004,0.29,0.07,3214,26668,179,353,28621,273,26,0,1451,586,12527,7173,0,14022,1349,0,57,612,3071,18,1170,157,787,14634,9,150,1953,27,3390,11740,6820,0,330,3657,1294,1
Allston,2005,0.3,0.07,3214,26668,179,353,28621,273,26,0,1451,586,12527,7173,0,14022,1349,0,57,612,3071,18,1170,157,787,14634,9,150,1953,27,3390,11740,6820,0,330,3657,1294,1
Allston,2006,0.29,0.08,3214,26668,179,353,28621,273,26,0,1451,586,12527,7173,0,14022,1349,0,57,612,3071,18,1170,157,787,14634,9,150,1953,27,3390,11740,6820,0,330,3657,1294,1
Allston,2007,0.31,0.08,3214,26668,179,353,28621,273,26,0,1451,586,12527,7173,0,14022,1349,0,57,612,3071,18,1170,157,787,14634,9,150,1953,27,3390,11740,6820,0,330,3657,1294,1
Allston,2008,0.31,0.09,3214,26668,179,353,28621,273,26,0,1451,586,12527,7173,0,14022,1349,0,57,612,3071,18,1170,157,787,14634,9,150,1953,27,3390,11740,6820,0,330,3657,1294,1
Allston,2009,0.31,0.09,3214,26668,179,353,28621,273,26,0,1451,586,12527,7173,0,14022,1349,0,57,612,3071,18,1170,157,787,14634,9,150,1953,27,3390,11740,6820,0,330,3657,1294,1
Allston,2010,0.3,0.09,3214,26668,179,353,28621,273,26,0,1451,586,12527,7173,0,14022,1349,0,57,612,3071,18,1170,157,787,14634,9,150,1953,27,3390,11740,6820,0,330,3657,1294,1
Allston,2011,0.3,0.1,3214,26668,179,353,28621,273,26,0,1451,586,12527,7173,0,14022,1349,0,57,612,3071,18,1170,157,787,14634,9,150,1953,27,3390,11740,6820,0,330,3657,1294,1
Allston,2012,0.28,0.1,3214,26668,179,353,28621,273,26,0,1451,586,12527,7173,0,14022,1349,0,57,612,3071,18,1170,157,787,14634,9,150,1953,27,3390,11740,6820,0,330,3657,1294,1
Allston,2013,0.27,0.11,3214,26668,179,353,28621,273,26,0,1451,586,12527,7173,0,14022,1349,0,57,612,3071,18,1170,157,787,14634,9,150,1953,27,3390,11740,6820,0,330,3657,1294,1
Allston,2014,0.26,0.12,3214,26668,179,353,28621,273,26,0,1451,586,12527,7173,0,14022,1349,0,57,612,3071,18,1170,157,787,14634,9,150,1953,27,3390,11740,6820,0,330,3657,1294,1
Allston,2015,0.25,0.13,3214,26668,179,353,28621,273,26,0,1451,586,12527,7173,0,14022,1349,0,57,612,3071,18,1170,157,787,14634,9,150,1953,27,3390,11740,6820,0,330,3657,1294,1
Allston,2016,0.24,0.14,3214,26668,179,353,28621,273,26,0,1451,586,12527,7173,0,14022,1349,0,57,612,3071,18,1170,157,787,14634,9,150,1953,27,3390,11740,6820,0,330,3657,1294,1
Allston,2017,0.24,0.16,3214,26668,179,353,28621,273,26,0,1451,586,12527,7173,0,14022,1349,0,57,612,3071,18,1170,157,787,14634,9,150,1953,27,3390,11740,6820,0,330,3657,1294,1
Allston,2018,0.23,0.17,3214,26668,179,353,28621,273,26,0,1451,586,12527,7173,0,14022,1349,0,57,612,3071,18,1170,157,787,14634,9,150,1953,27,3390,11740,6820,0,330,3657,1294,1
Allston,2019,0.23,0.18,3214,26668,179,353,28621,273,26,0,1451,586,12527,7173,0,14022,1349,0,57,612,3071,18,1170,157,787,14634,9,150,1953,27,3390,11740,6820,0,330,3657,1294,1
Allston,2020,0.22,0.22,3214,26668,179,353,28621,273,26,0,1451,586,12527,7173,0,14022,1349,0,57,612,3071,18,1170,157,787,14634,9,150,1953,27,3390,11740,6820,0,330,3657,1294,1
Allston,2021,0.22,0.24,3214,26668,179,353,28621,273,26,0,1451,586,12527,7173,0,14022,1349,0,57,612,3071,18,1170,157,787,14634,9,150,1953,27,3390,11740,6820,0,330,3657,1294,1
Allston,2022,0.23,0.25,3214,26668,179,353,28621,273,26,0,1451,586,12527,7173,0,14022,1349,0,57,612,3071,18,1170,157,787,14634,9,150,1953,27,3390,11740,6820,0,330,3657,1294,1
Allston,2023,0.23,0.28,3214,26668,179,353,28621,273,26,0,1451,586,12527,7173,0,14022,1349,0,57,612,3071,18,1170,157,787,14634,9,150,1953,27,3390,11740,6820,0,330,3657,1294,1
Allston,2024,0.22,0.3,3214,26668,179,353,28621,273,26,0,1451,586,12527,7173,0,14022,1349,0,57,612,3071,18,1170,157,787,14634,9,150,1953,27,3390,11740,6820,0,330,3657,1294,1
Beacon Hill,2004,0.34,0.05,0,8603,91,15,9336,43,0,0,252,62,6037,630,0,6980,349,0,3,541,475,1,258,21,552,7521,0,33,733,1,33,5485,615,0,46,537,231,3
Beacon Hill,2005,0.34,0.06,0,8603,91,15,9336,43,0,0,252,62,6037,630,0,6980,349,0,3,541,475,1,258,21,552,7521,0,33,733,1,33,5485,615,0,46,537,231,3
Beacon Hill,2006,0.32,0.06,0,8603,91,15,9336,43,0,0,252,62,6037,630,0,6980,349,0,3,541,475,1,258,21,552,7521,0,33,733,1,33,5485,615,0,46,537,231,3
Beacon Hill,2007,0.33,0.07,0,8603,91,15,9336,43,0,0,252,62,6037,630,0,6980,349,0,3,541,475,1,258,21,552,7521,0,33,733,1,33,5485,615,0,46,537,231,3
Beacon Hill,2008,0.33,0.07,0,8603,91,15,9336,43,0,0,252,62,6037,630,0,6980,349,0,3,541,475,1,258,21,552,7521,0,33,733,1,33,5485,615,0,46,537,231,3
Beacon Hill,2009,0.32,0.08,0,8603,91,15,9336,43,0,0,252,62,6037,630,0,6980,349,0,3,541,475,1,258,21,552,7521,0,33,733,1,33,5485,615,0,46,537,231,3
Beacon Hill,2010,0.32,0.07,0,8603,91,15,9336,43,0,0,252,62,6037,630,0,6980,349,0,3,541,475,1,258,21,552,7521,0,33,733,1,33,5485,615,0,46,537,231,3
Beacon Hill,2011,0.3,0.07,0,8603,91,15,9336,43,0,0,252,62,6037,630,0,6980,349,0,3,541,475,1,258,21,552,7521,0,33,733,1,33,5485,615,0,46,537,231,3
Beacon Hill,2012,0.3,0.07,0,8603,91,15,9336,43,0,0,252,62,6037,630,0,6980,349,0,3,541,475,1,258,21,552,7521,0,33,733,1,33,5485,615,0,46,537,231,3
Beacon Hill,2013,0.31,0.07,0,8603,91,15,9336,43,0,0,252,62,6037,630,0,6980,349,0,3,541,475,1,258,21,552,7521,0,33,733,1,33,5485,615,0,46,537,231,3
Beacon Hill,2014,0.31,0.08,0,8603,91,15,9336,43,0,0,252,62,6037,630,0,6980,349,0,3,541,475,1,258,21,552,7521,0,33,733,1,33,5485,615,0,46,537,231,3
Beacon Hill,2015,0.31,0.09,0,8603,91,15,9336,43,0,0,252,62,6037,630,0,6980,349,0,3,541,475,1,258,21,552,7521,0,33,733,1,33,5485,615,0,46,537,231,3
Beacon Hill,2016,0.31,0.09,0,8603,91,15,9336,43,0,0,252,62,6037,630,0,6980,349,0,3,541,475,1,258,21,552,7521,0,33,733,1,33,5485,615,0,46,537,231,3
Beacon Hill,2017,0.31,0.12,0,8603,91,15,9336,43,0,0,252,62,6037,630,0,6980,349,0,3,541,475,1,258,21,552,7521,0,33,733,1,33,5485,615,0,46,537,231,3
Beacon Hill,2018,0.31,0.13,0,8603,91,15,9336,43,0,0,252,62,6037,630,0,6980,349,0,3,541,475,1,258,21,552,7521,0,33,733,1,33,5485,615,0,46,537,231,3
Beacon Hill,2019,0.31,0.15,0,8603,91,15,9336,43,0,0,252,62,6037,630,0,6980,349,0,3,541,475,1,258,21,552,7521,0,33,733,1,33,5485,615,0,46,537,231,3
Beacon Hill,2020,0.3,0.2,0,8603,91,15,9336,43,0,0,252,62,6037,630,0,6980,349,0,3,541,475,1,258,21,552,7521,0,33,733,1,33,5485,615,0,46,537,231,3
Beacon Hill,2021,0.29,0.24,0,8603,91,15,9336,43,0,0,252,62,6037,630,0,6980,349,0,3,541,475,1,258,21,552,7521,0,33,733,1,33,5485,615,0,46,537,231,3
Beacon Hill,2022,0.3,0.25,0,8603,91,15,9336,43,0,0,252,62,6037,630,0,6980,349,0,3,541,475,1,258,21,552,7521,0,33,733,1,33,5485,615,0,46,537,231,3
Beacon Hill,2023,0.3,0.28,0,8603,91,15,9336,43,0,0,252,62,6037,630,0,6980,349,0,3,541,475,1,258,21,552,7521,0,33,733,1,33,5485,615,0,46,537,231,3
Beacon Hill,2024,0.29,0.3,0,8603,91,15,9336,43,0,0,252,62,6037,630,0,6980,349,0,3,541,475,1,258,21,552,7521,0,33,733,1,33,5485,615,0,46,537,231,3
Brighton,2004,0.44,0.04,3493,44129,336,579,48330,561,240,56,2289,935,21874,7801,0,28706,1910,0,134,1890,4043,57,1574,323,1052,30596,4,220,4201,61,4022,20822,7222,13,695,4978,1966,4
Brighton,2005,0.44,0.04,3493,44129,336,579,48330,561,240,56,2289,935,21874,7801,0,28706,1910,0,134,1890,4043,57,1574,323,1052,30596,4,220,4201,61,4022,20822,7222,13,695,4978,1966,4
Brighton,2006,0.43,0.04,3493,44129,336,579,48330,561,240,56,2289,935,21874,7801,0,28706,1910,0,134,1890,4043,57,1574,323,1052,30596,4,220,4201,61,4022,20822,7222,13,695,4978,1966,4
Brighton,2007,0.45,0.05,3493,44129,336,579,48330,561,240,56,2289,935,21874,7801,0,28706,1910,0,134,1890,4043,57,1574,323,1052,30596,4,220,4201,61,4022,20822,7222,13,695,4978,1966,4
Brighton,2008,0.44,0.05,3493,44129,336,579,48330,561,240,56,2289,935,21874,7801,0,28706,1910,0,134,1890,4043,57,1574,323,1052,30596,4,220,4201,61,4022,20822,7222,13,695,4978,1966,4
Brighton,2009,0.43,0.05,3493,44129,336,579,48330,561,240,56,2289,935,21874,7801,0,28706,1910,0,134,1890,4043,57,1574,323,1052,30596,4,220,4201,61,4022,20822,7222,13,695,4978,1966,4
Brighton,2010,0.43,0.07,3493,44129,336,579,48330,561,240,56,2289,935,21874,7801,0,28706,1910,0,134,1890,4043,57,1574,323,1052,30596,4,220,4201,61,4022,20822,7222,13,695,4978,1966,4
Brighton,2011,0.42,0.07,3493,44129,336,579,48330,561,240,56,2289,935,21874,7801,0,28706,1910,0,134,1890,4043,57,1574,323,1052,30596,4,220,4201,61,4022,20822,7222,13,695,4978,1966,4
Brighton,2012,0.4,0.07,3493,44129,336,579,48330,561,240,56,2289,935,21874,7801,0,28706,1910,0,134,1890,4043,57,1574,323,1052,30596,4,220,4201,61,4022,20822,7222,13,695,4978,1966,4
Brighton,2013,0.39,0.08,3493,44129,336,579,48330,561,240,56,2289,935,21874,7801,0,28706,1910,0,134,1890,4043,57,1574,323,1052,30596,4,220,4201,61,4022,20822,7222,13,695,4978,1966,4
Brighton,2014,0.38,0.09,3493,44129,336,579,48330,561,240,56,2289,935,21874,7801,0,28706,1910,0,134,1890,4043,57,1574,323,1052,30596,4,220,4201,61,4022,20822,7222,13,695,4978,1966,4
Brighton,2015,0.36,0.1,3493,44129,336,579,48330,561,240,56,2289,935,21874,7801,0,28706,1910,0,134,1890,4043,57,1574,323,1052,30596,4,220,4201,61,4022,20822,7222,13,695,4978,1966,4
Brighton,2016,0.35,0.1,3493,44129,336,579,48330,561,240,56,2289,935,21874,7801,0,28706,1910,0,134,1890,4043,57,1574,323,1052,30596,4,220,4201,61,4022,20822,7222,13,695,4978,1966,4
Brighton,2017,0.34,0.11,3493,44129,336,579,48330,561,240,56,2289,935,21874,7801,0,28706,1910,0,134,1890,4043,57,1574,323,1052,30596,4,220,4201,61,4022,20822,7222,13,695,4978,1966,4
Brighton,2018,0.33,0.12,3493,44129,336,579,48330,561,240,56,2289,935,21874,7801,0,28706,1910,0,134,1890,4043,57,1574,323,1052,30596,4,220,4201,61,4022,20822,7222,13,695,4978,1966,4
Brighton,2019,0.33,0.13,3493,44129,336,579,48330,561,240,56,2289,935,21874,7801,0,28706,1910,0,134,1890,4043,57,1574,323,1052,30596,4,220,4201,61,4022,20822,7222,13,695,4978,1966,4
Brighton,2020,0.32,0.16,3493,44129,336,579,48330,561,240,56,2289,935,21874,7801,0,28706,1910,0,134,1890,4043,57,1574,323,1052,30596,4,220,4201,61,4022,20822,7222,13,695,4978,1966,4
Brighton,2021,0.32,0.19,3493,44129,336,579,48330,561,240,56,2289,935,21874,7801,0,28706,1910,0,134,1890,4043,57,1574,323,1052,30596,4,220,4201,61,4022,20822,7222,13,695,4978,1966,4
Brighton,2022,0.32,0.19,3493,44129,336,579,48330,561,240,56,2289,935,21874,7801,0,28706,1910,0,134,1890,4043,57,1574,323,1052,30596,4,220,4201,61,4022,20822,7222,13,695,4978,1966,4
Brighton,2023,0.32,0.21,3493,44129,336,579,48330,561,240,56,2289,935,21874,7801,0,28706,1910,0,134,1890,4043,57,1574,323,1052,30596,4,220,4201,61,4022,20822,7222,13,695,4978,1966,4
Brighton,2024,0.32,0.23,3493,44129,336,579,48330,561,240,56,2289,935,21874,7801,0,28706,1910,0,134,1890,4043,57,1574,323,1052,30596,4,220,4201,61,4022,20822,7222,13,695,4978,1966,4
Downtown,2004,0.36,0.13,3283,12675,110,158,13451,63,97,0,537,84,6654,2286,0,8764,413,0,6,410,877,11,303,8,1253,9174,0,833,776,11,4213,5401,2128,0,69,961,529,8
Downtown,2005,0.36,0.14,3283,12675,110,158,13451,63,97,0,537,84,6654,2286,0,8764,413,0,6,410,877,11,303,8,1253,9174,0,833,776,11,4213,5401,2128,0,69,961,529,8
Downtown,2006,0.34,0.14,3283,12675,110,158,13451,63,97,0,537,84,6654,2286,0,8764,413,0,6,410,877,11,303,8,1253,9174,0,833,776,11,4213,5401,2128,0,69,961,529,8
Downtown,2007,0.35,0.14,3283,12675,110,158,13451,63,97,0,537,84,6654,2286,0,8764,413,0,6,410,877,11,303,8,1253,9174,0,833,776,11,4213,5401,2128,0,69,961,529,8
Downtown,2008,0.35,0.13,3283,12675,110,158,13451,63,97,0,537,84,6654,2286,0,8764,413,0,6,410,877,11,303,8,1253,9174,0,833,776,11,4213,5401,2128,0,69,961,529,8
Downtown,2009,0.34,0.11,3283,12675,110,158,13451,63,97,0,537,84,6654,2286,0,8764,413,0,6,410,877,11,303,8,1253,9174,0,833,776,11,4213,5401,2128,0,69,961,529,8
Downtown,2010,0.33,0.13,3283,12675,110,158,13451,63,97,0,537,84,6654,2286,0,8764,413,0,6,410,877,11,303,8,1253,9174,0,833,776,11,4213,5401,2128,0,69,961,529,8
Downtown,2011,0.33,0.13,3283,12675,110,158,13451,63,97,0,537,84,6654,2286,0,8764,413,0,6,410,877,11,303,8,1253,9174,0,833,776,11,4213,5401,2128,0,69,961,529,8
Downtown,2012,0.32,0.12,3283,12675,110,158,13451,63,97,0,537,84,6654,2286,0,8764,413,0,6,410,877,11,303,8,1253,9174,0,833,776,11,4213,5401,2128,0,69,961,529,8
Downtown,2013,0.32,0.13,3283,12675,110,158,13451,63,97,0,537,84,6654,2286,0,8764,413,0,6,410,877,11,303,8,1253,9174,0,833,776,11,4213,5401,2128,0,69,961,529,8
Downtown,2014,0.33,0.13,3283,12675,110,158,13451,63,97,0,537,84,6654,2286,0,8764,413,0,6,410,877,11,303,8,1253,9174,0,833,776,11,4213,5401,2128,0,69,961,529,8
Downtown,2015,0.31,0.13,3283,12675,110,158,13451,63,97,0,537,84,6654,2286,0,8764,413,0,6,410,877,11,303,8,1253,9174,0,833,776,11,4213,5401,2128,0,69,961,529,8
Downtown,2016,0.32,0.13,3283,12675,110,158,13451,63,97,0,537,84,6654,2286,0,8764,413,0,6,410,877,11,303,8,1253,9174,0,833,776,11,4213,5401,2128,0,69,961,529,8
Downtown,2017,0.32,0.14,3283,12675,110,158,13451,63,97,0,537,84,6654,2286,0,8764,413,0,6,410,877,11,303,8,1253,9174,0,833,776,11,4213,5401,2128,0,69,961,529,8
Downtown,2018,0.31,0.17,3283,12675,110,158,13451,63,97,0,537,84,6654,2286,0,8764,413,0,6,410,877,11,303,8,1253,9174,0,833,776,11,4213,5401,2128,0,69,961,529,8
Downtown,2019,0.33,0.2,3283,12675,110,158,13451,63,97,0,537,84,6654,2286,0,8764,413,0,6,410,877,11,303,8,1253,9174,0,833,776,11,4213,5401,2128,0,69,961,529,8
Downtown,2020,0.32,0.25,3283,12675,110,158,13451,63,97,0,537,84,6654,2286,0,8764,413,0,6,410,877,11,303,8,1253,9174,0,833,776,11,4213,5401,2128,0,69,961,529,8
Downtown,2021,0.31,0.29,3283,12675,110,158,13451,63,97,0,537,84,6654,2286,0,8764,413,0,6,410,877,11,303,8,1253,9174,0,833,776,11,4213,5401,2128,0,69,961,529,8
Downtown,2022,0.32,0.29,3283,12675,110,158,13451,63,97,0,537,84,6654,2286,0,8764,413,0,6,410,877,11,303,8,1253,9174,0,833,776,11,4213,5401,2128,0,69,961,529,8
Downtown,2023,0.31,0.32,3283,12675,110,158,13451,63,97,0,537,84,6654,2286,0,8764,413,0,6,410,877,11,303,8,1253,9174,0,833,776,11,4213,5401,2128,0,69,961,529,8
Downtown,2024,0.3,0.34,3283,12675,110,158,13451,63,97,0,537,84,6654,2286,0,8764,413,0,6,410,877,11,303,8,1253,9174,0,833,776,11,4213,5401,2128,0,69,961,529,8
Charlestown,2004,0.54,0.03,0,15661,233,246,19120,75,55,0,990,688,9525,1650,30,11689,665,0,23,1937,1387,12,432,328,593,13626,4,25,3459,16,110,8932,1404,0,98,2075,662,5
Charlestown,2005,0.54,0.03,0,15661,233,246,19120,75,55,0,990,688,9525,1650,30,11689,665,0,23,1937,1387,12,432,328,593,13626,4,25,3459,16,110,8932,1404,0,98,2075,662,5
Charlestown,2006,0.51,0.05,0,15661,233,246,19120,75,55,0,990,688,9525,1650,30,11689,665,0,23,1937,1387,12,432,328,593,13626,4,25,3459,16,110,8932,1404,0,98,2075,662,5
Charlestown,2007,0.54,0.04,0,15661,233,246,19120,75,55,0,990,688,9525,1650,30,11689,665,0,23,1937,1387,12,432,328,593,13626,4,25,3459,16,110,8932,1404,0,98,2075,662,5
Charlestown,2008,0.54,0.04,0,15661,233,246,19120,75,55,0,990,688,9525,1650,30,11689,665,0,23,1937,1387,12,432,328,593,13626,4,25,3459,16,110,8932,1404,0,98,2075,662,5
Charlestown,2009,0.53,0.04,0,15661,233,246,19120,75,55,0,990,688,9525,1650,30,11689,665,0,23,1937,1387,12,432,328,593,13626,4,25,3459,16,110,8932,1404,0,98,2075,662,5
Charlestown,2010,0.54,0.04,0,15661,233,246,19120,75,55,0,990,688,9525,1650,30,11689,665,0,23,1937,1387,12,432,328,593,13626,4,25,3459,16,110,8932,1404,0,98,2075,662,5
Charlestown,2011,0.53,0.04,0,15661,233,246,19120,75,55,0,990,688,9525,1650,30,11689,665,0,23,1937,1387,12,432,328,593,13626,4,25,3459,16,110,8932,1404,0,98,2075,662,5
Charlestown,2012,0.5,0.04,0,15661,233,246,19120,75,55,0,990,688,9525,1650,30,11689,665,0,23,1937,1387,12,432,328,593,13626,4,25,3459,16,110,8932,1404,0,98,2075,662,5
Charlestown,2013,0.5,0.05,0,15661,233,246,19120,75,55,0,990,688,9525,1650,30,11689,665,0,23,1937,1387,12,432,328,593,13626,4,25,3459,16,110,8932,1404,0,98,2075,662,5
Charlestown,2014,0.52,0.05,0,15661,233,246,19120,75,55,0,990,688,9525,1650,30,11689,665,0,23,1937,1387,12,432,328,593,13626,4,25,3459,16,110,8932,1404,0,98,2075,662,5
Charlestown,2015,0.51,0.05,0,15661,233,246,19120,75,55,0,990,688,9525,1650,30,11689,665,0,23,1937,1387,12,432,328,593,13626,4,25,3459,16,110,8932,1404,0,98,2075,662,5
Charlestown,2016,0.51,0.05,0,15661,233,246,19120,75,55,0,990,688,9525,1650,30,11689,665,0,23,1937,1387,12,432,328,593,13626,4,25,3459,16,110,8932,1404,0,98,2075,662,5
Charlestown,2017,0.51,0.06,0,15661,233,246,19120,75,55,0,990,688,9525,1650,30,11689,665,0,23,1937,1387,12,432,328,593,13626,4,25,3459,16,110,8932,1404,0,98,2075,662,5
Charlestown,2018,0.5,0.08,0,15661,233,246,19120,75,55,0,990,688,9525,1650,30,11689,665,0,23,1937,1387,12,432,328,593,13626,4,25,3459,16,110,8932,1404,0,98,2075,662,5
Charlestown,2019,0.5,0.09,0,15661,233,246,19120,75,55,0,990,688,9525,1650,30,11689,665,0,23,1937,1387,12,432,328,593,13626,4,25,3459,16,110,8932,1404,0,98,2075,662,5
Charlestown,2020,0.5,0.12,0,15661,233,246,19120,75,55,0,990,688,9525,1650,30,11689,665,0,23,1937,1387,12,432,328,593,13626,4,25,3459,16,110,8932,1404,0,98,2075,662,5
Charlestown,2021,0.5,0.14,0,15661,233,246,19120,75,55,0,990,688,9525,1650,30,11689,665,0,23,1937,1387,12,432,328,593,13626,4,25,3459,16,110,8932,1404,0,98,2075,662,5
Charlestown,2022,0.51,0.15,0,15661,233,246,19120,75,55,0,990,688,9525,1650,30,11689,665,0,23,1937,1387,12,432,328,593,13626,4,25,3459,16,110,8932,1404,0,98,2075,662,5
Charlestown,2023,0.51,0.17,0,15661,233,246,19120,75,55,0,990,688,9525,1650,30,11689,665,0,23,1937,1387,12,432,328,593,13626,4,25,3459,16,110,8932,1404,0,98,2075,662,5
Charlestown,2024,0.49,0.28,0,15661,233,246,19120,75,55,0,990,688,9525,1650,30,11689,665,0,23,1937,1387,12,432,328,593,13626,4,25,3459,16,110,8932,1404,0,98,2075,662,5
Chinatown,2004,0.27,0.13,443,6343,24,560,7143,19,224,0,297,65,3644,4281,0,1790,169,0,0,108,412,2,145,43,345,1898,0,14,800,2,681,3299,3721,0,19,477,254,6
Chinatown,2005,0.28,0.12,443,6343,24,560,7143,19,224,0,297,65,3644,4281,0,1790,169,0,0,108,412,2,145,43,345,1898,0,14,800,2,681,3299,3721,0,19,477,254,6
Chinatown,2006,0.29,0.09,443,6343,24,560,7143,19,224,0,297,65,3644,4281,0,1790,169,0,0,108,412,2,145,43,345,1898,0,14,800,2,681,3299,3721,0,19,477,254,6
Chinatown,2007,0.33,0.09,443,6343,24,560,7143,19,224,0,297,65,3644,4281,0,1790,169,0,0,108,412,2,145,43,345,1898,0,14,800,2,681,3299,3721,0,19,477,254,6
Chinatown,2008,0.34,0.1,443,6343,24,560,7143,19,224,0,297,65,3644,4281,0,1790,169,0,0,108,412,2,145,43,345,1898,0,14,800,2,681,3299,3721,0,19,477,254,6
Chinatown,2009,0.35,0.09,443,6343,24,560,7143,19,224,0,297,65,3644,4281,0,1790,169,0,0,108,412,2,145,43,345,1898,0,14,800,2,681,3299,3721,0,19,477,254,6
Chinatown,2010,0.35,0.09,443,6343,24,560,7143,19,224,0,297,65,3644,4281,0,1790,169,0,0,108,412,2,145,43,345,1898,0,14,800,2,681,3299,3721,0,19,477,254,6
Chinatown,2011,0.35,0.1,443,6343,24,560,7143,19,224,0,297,65,3644,4281,0,1790,169,0,0,108,412,2,145,43,345,1898,0,14,800,2,681,3299,3721,0,19,477,254,6
Chinatown,2012,0.32,0.1,443,6343,24,560,7143,19,224,0,297,65,3644,4281,0,1790,169,0,0,108,412,2,145,43,345,1898,0,14,800,2,681,3299,3721,0,19,477,254,6
Chinatown,2013,0.31,0.11,443,6343,24,560,7143,19,224,0,297,65,3644,4281,0,1790,169,0,0,108,412,2,145,43,345,1898,0,14,800,2,681,3299,3721,0,19,477,254,6
Chinatown,2014,0.31,0.11,443,6343,24,560,7143,19,224,0,297,65,3644,4281,0,1790,169,0,0,108,412,2,145,43,345,1898,0,14,800,2,681,3299,3721,0,19,477,254,6
Chinatown,2015,0.3,0.12,443,6343,24,560,7143,19,224,0,297,65,3644,4281,0,1790,169,0,0,108,412,2,145,43,345,1898,0,14,800,2,681,3299,3721,0,19,477,254,6
Chinatown,2016,0.31,0.12,443,6343,24,560,7143,19,224,0,297,65,3644,4281,0,1790,169,0,0,108,412,2,145,43,345,1898,0,14,800,2,681,3299,3721,0,19,477,254,6
Chinatown,2017,0.31,0.14,443,6343,24,560,7143,19,224,0,297,65,3644,4281,0,1790,169,0,0,108,412,2,145,43,345,1898,0,14,800,2,681,3299,3721,0,19,477,254,6
Chinatown,2018,0.27,0.16,443,6343,24,560,7143,19,224,0,297,65,3644,4281,0,1790,169,0,0,108,412,2,145,43,345,1898,0,14,800,2,681,3299,3721,0,19,477,254,6
Chinatown,2019,0.27,0.18,443,6343,24,560,7143,19,224,0,297,65,3644,4281,0,1790,169,0,0,108,412,2,145,43,345,1898,0,14,800,2,681,3299,3721,0,19,477,254,6
Chinatown,2020,0.28,0.21,443,6343,24,560,7143,19,224,0,297,65,3644,4281,0,1790,169,0,0,108,412,2,145,43,345,1898,0,14,800,2,681,3299,3721,0,19,477,254,6
Chinatown,2021,0.28,0.24,443,6343,24,560,7143,19,224,0,297,65,3644,4281,0,1790,169,0,0,108,412,2,145,43,345,1898,0,14,800,2,681,3299,3721,0,19,477,254,6
Chinatown,2022,0.29,0.24,443,6343,24,560,7143,19,224,0,297,65,3644,4281,0,1790,169,0,0,108,412,2,145,43,345,1898,0,14,800,2,681,3299,3721,0,19,477,254,6
Chinatown,2023,0.29,0.27,443,6343,24,560,7143,19,224,0,297,65,3644,4281,0,1790,169,0,0,108,412,2,145,43,345,1898,0,14,800,2,681,3299,3721,0,19,477,254,6
Chinatown,2024,0.28,0.3,443,6343,24,560,7143,19,224,0,297,65,3644,4281,0,1790,169,0,0,108,412,2,145,43,345,1898,0,14,800,2,681,3299,3721,0,19,477,254,6
Dorchester,2004,0.5,0.04,0,95365,2456,2485,122191,2736,291,0,42714,7895,47965,13360,0,24327,9555,0,805,3084,17390,260,7099,10036,3142,27411,65,936,26826,325,1513,44823,10875,286,3541,25285,32678,7
Dorchester,2005,0.5,0.05,0,95365,2456,2485,122191,2736,291,0,42714,7895,47965,13360,0,24327,9555,0,805,3084,17390,260,7099,10036,3142,27411,65,936,26826,325,1513,44823,10875,286,3541,25285,32678,7
Dorchester,2006,0.48,0.05,0,95365,2456,2485,122191,2736,291,0,42714,7895,47965,13360,0,24327,9555,0,805,3084,17390,260,7099,10036,3142,27411,65,936,26826,325,1513,44823,10875,286,3541,25285,32678,7
Dorchester,2007,0.5,0.05,0,95365,2456,2485,122191,2736,291,0,42714,7895,47965,13360,0,24327,9555,0,805,3084,17390,260,7099,10036,3142,27411,65,936,26826,325,1513,44823,10875,286,3541,25285,32678,7
Dorchester,2008,0.49,0.05,0,95365,2456,2485,122191,2736,291,0,42714,7895,47965,13360,0,24327,9555,0,805,3084,17390,260,7099,10036,3142,27411,65,936,26826,325,1513,44823,10875,286,3541,25285,32678,7
Dorchester,2009,0.47,0.05,0,95365,2456,2485,122191,2736,291,0,42714,7895,47965,13360,0,24327,9555,0,805,3084,17390,260,7099,10036,3142,27411,65,936,26826,325,1513,44823,10875,286,3541,25285,32678,7
Dorchester,2010,0.48,0.06,0,95365,2456,2485,122191,2736,291,0,42714,7895,47965,13360,0,24327,9555,0,805,3084,17390,260,7099,10036,3142,27411,65,936,26826,325,1513,44823,10875,286,3541,25285,32678,7
Dorchester,2011,0.48,0.07,0,95365,2456,2485,122191,2736,291,0,42714,7895,47965,13360,0,24327,9555,0,805,3084,17390,260,7099,10036,3142,27411,65,936,26826,325,1513,44823,10875,286,3541,25285,32678,7
Dorchester,2012,0.47,0.07,0,95365,2456,2485,122191,2736,291,0,42714,7895,47965,13360,0,24327,9555,0,805,3084,17390,260,7099,10036,3142,27411,65,936,26826,325,1513,44823,10875,286,3541,25285,32678,7
Dorchester,2013,0.48,0.08,0,95365,2456,2485,122191,2736,291,0,42714,7895,47965,13360,0,24327,9555,0,805,3084,17390,260,7099,10036,3142,27411,65,936,26826,325,1513,44823,10875,286,3541,25285,32678,7
Dorchester,2014,0.48,0.08,0,95365,2456,2485,122191,2736,291,0,42714,7895,47965,13360,0,24327,9555,0,805,3084,17390,260,7099,10036,3142,27411,65,936,26826,325,1513,44823,10875,286,3541,25285,32678,7
Dorchester,2015,0.48,0.09,0,95365,2456,2485,122191,2736,291,0,42714,7895,47965,13360,0,24327,9555,0,805,3084,17390,260,7099,10036,3142,27411,65,936,26826,325,1513,44823,10875,286,3541,25285,32678,7
Dorchester,2016,0.48,0.09,0,95365,2456,2485,122191,2736,291,0,42714,7895,47965,13360,0,24327,9555,0,805,3084,17390,260,7099,10036,3142,27411,65,936,26826,325,1513,44823,10875,286,3541,25285,32678,7
Dorchester,2017,0.48,0.1,0,95365,2456,2485,122191,2736,291,0,42714,7895,47965,13360,0,24327,9555,0,805,3084,17390,260,7099,10036,3142,27411,65,936,26826,325,1513,44823,10875,286,3541,25285,32678,7
Dorchester,2018,0.48,0.1,0,95365,2456,2485,122191,2736,291,0,42714,7895,47965,13360,0,24327,9555,0,805,3084,17390,260,7099,10036,3142,27411,65,936,26826,325,1513,44823,10875,286,3541,25285,32678,7
Dorchester,2019,0.48,0.11,0,95365,2456,2485,122191,2736,291,0,42714,7895,47965,13360,0,24327,9555,0,805,3084,17390,260,7099,10036,3142,27411,65,936,26826,325,1513,44823,10875,286,3541,25285,32678,7
Dorchester,2020,0.48,0.14,0,95365,2456,2485,122191,2736,291,0,42714,7895,47965,13360,0,24327,9555,0,805,3084,17390,260,7099,10036,3142,27411,65,936,26826,325,1513,44823,10875,286,3541,25285,32678,7
Dorchester,2021,0.49,0.15,0,95365,2456,2485,122191,2736,291,0,42714,7895,47965,13360,0,24327,9555,0,805,3084,17390,260,7099,10036,3142,27411,65,936,26826,325,1513,44823,10875,286,3541,25285,32678,7
Dorchester,2022,0.49,0.16,0,95365,2456,2485,122191,2736,291,0,42714,7895,47965,13360,0,24327,9555,0,805,3084,17390,260,7099,10036,3142,27411,65,936,26826,325,1513,44823,10875,286,3541,25285,32678,7
Dorchester,2023,0.49,0.18,0,95365,2456,2485,122191,2736,291,0,42714,7895,47965,13360,0,24327,9555,0,805,3084,17390,260,7099,10036,3142,27411,65,936,26826,325,1513,44823,10875,286,3541,25285,32678,7
Dorchester,2024,0.48,0.19,0,95365,2456,2485,122191,2736,291,0,42714,7895,47965,13360,0,24327,9555,0,805,3084,17390,260,7099,10036,3142,27411,65,936,26826,325,1513,44823,10875,286,3541,25285,32678,7
East Boston,2004,0.47,0.03,0,34826,386,218,43066,491,132,0,1403,5444,18016,1932,0,14039,1548,0,187,1721,16256,28,1162,267,1321,15760,17,109,8240,45,253,16695,1714,12,678,21700,1136,9
East Boston,2005,0.47,0.03,0,34826,386,218,43066,491,132,0,1403,5444,18016,1932,0,14039,1548,0,187,1721,16256,28,1162,267,1321,15760,17,109,8240,45,253,16695,1714,12,678,21700,1136,9
East Boston,2006,0.45,0.03,0,34826,386,218,43066,491,132,0,1403,5444,18016,1932,0,14039,1548,0,187,1721,16256,28,1162,267,1321,15760,17,109,8240,45,253,16695,1714,12,678,21700,1136,9
East Boston,2007,0.46,0.03,0,34826,386,218,43066,491,132,0,1403,5444,18016,1932,0,14039,1548,0,187,1721,16256,28,1162,267,1321,15760,17,109,8240,45,253,16695,1714,12,678,21700,1136,9
East Boston,2008,0.46,0.04,0,34826,386,218,43066,491,132,0,1403,5444,18016,1932,0,14039,1548,0,187,1721,16256,28,1162,267,1321,15760,17,109,8240,45,253,16695,1714,12,678,21700,1136,9
East Boston,2009,0.45,0.04,0,34826,386,218,43066,491,132,0,1403,5444,18016,1932,0,14039,1548,0,187,1721,16256,28,1162,267,1321,15760,17,109,8240,45,253,16695,1714,12,678,21700,1136,9
East Boston,2010,0.46,0.04,0,34826,386,218,43066,491,132,0,1403,5444,18016,1932,0,14039,1548,0,187,1721,16256,28,1162,267,1321,15760,17,109,8240,45,253,16695,1714,12,678,21700,1136,9
East Boston,2011,0.46,0.04,0,34826,386,218,43066,491,132,0,1403,5444,18016,1932,0,14039,1548,0,187,1721,16256,28,1162,267,1321,15760,17,109,8240,45,253,16695,1714,12,678,21700,1136,9
East Boston,2012,0.44,0.05,0,34826,386,218,43066,491,132,0,1403,5444,18016,1932,0,14039,1548,0,187,1721,16256,28,1162,267,1321,15760,17,109,8240,45,253,16695,1714,12,678,21700,1136,9
East Boston,2013,0.43,0.05,0,34826,386,218,43066,491,132,0,1403,5444,18016,1932,0,14039,1548,0,187,1721,16256,28,1162,267,1321,15760,17,109,8240,45,253,16695,1714,12,678,21700,1136,9
East Boston,2014,0.44,0.05,0,34826,386,218,43066,491,132,0,1403,5444,18016,1932,0,14039,1548,0,187,1721,16256,28,1162,267,1321,15760,17,109,8240,45,253,16695,1714,12,678,21700,1136,9
East Boston,2015,0.42,0.06,0,34826,386,218,43066,491,132,0,1403,5444,18016,1932,0,14039,1548,0,187,1721,16256,28,1162,267,1321,15760,17,109,8240,45,253,16695,1714,12,678,21700,1136,9
East Boston,2016,0.41,0.07,0,34826,386,218,43066,491,132,0,1403,5444,18016,1932,0,14039,1548,0,187,1721,16256,28,1162,267,1321,15760,17,109,8240,45,253,16695,1714,12,678,21700,1136,9
East Boston,2017,0.41,0.09,0,34826,386,218,43066,491,132,0,1403,5444,18016,1932,0,14039,1548,0,187,1721,16256,28,1162,267,1321,15760,17,109,8240,45,253,16695,1714,12,678,21700,1136,9
East Boston,2018,0.41,0.11,0,34826,386,218,43066,491,132,0,1403,5444,18016,1932,0,14039,1548,0,187,1721,16256,28,1162,267,1321,15760,17,109,8240,45,253,16695,1714,12,678,21700,1136,9
East Boston,2019,0.4,0.12,0,34826,386,218,43066,491,132,0,1403,5444,18016,1932,0,14039,1548,0,187,1721,16256,28,1162,267,1321,15760,17,109,8240,45,253,16695,1714,12,678,21700,1136,9
East Boston,2020,0.41,0.17,0,34826,386,218,43066,491,132,0,1403,5444,18016,1932,0,14039,1548,0,187,1721,16256,28,1162,267,1321,15760,17,109,8240,45,253,16695,1714,12,678,21700,1136,9
East Boston,2021,0.4,0.21,0,34826,386,218,43066,491,132,0,1403,5444,18016,1932,0,14039,1548,0,187,1721,16256,28,1162,267,1321,15760,17,109,8240,45,253,16695,1714,12,678,21700,1136,9
East Boston,2022,0.42,0.22,0,34826,386,218,43066,491,132,0,1403,5444,18016,1932,0,14039,1548,0,187,1721,16256,28,1162,267,1321,15760,17,109,8240,45,253,16695,1714,12,678,21700,1136,9
East Boston,2023,0.41,0.22,0,34826,386,218,43066,491,132,0,1403,5444,18016,1932,0,14039,1548,0,187,1721,16256,28,1162,267,1321,15760,17,109,8240,45,253,16695,1714,12,678,21700,1136,9
East Boston,2024,0.41,0.3,0,34826,386,218,43066,491,132,0,1403,5444,18016,1932,0,14039,1548,0,187,1721,16256,28,1162,267,1321,15760,17,109,8240,45,253,16695,1714,12,678,21700,1136,9
Fenway,2004,0.23,0.09,16197,36715,99,197,37733,365,261,0,2396,218,13968,9218,0,20099,1592,53,23,357,3425,31,1493,115,1307,20456,9,209,1018,40,16720,12661,9021,0,388,3643,2281,10
Fenway,2005,0.24,0.13,16197,36715,99,197,37733,365,261,0,2396,218,13968,9218,0,20099,1592,53,23,357,3425,31,1493,115,1307,20456,9,209,1018,40,16720,12661,9021,0,388,3643,2281,10
Fenway,2006,0.23,0.13,16197,36715,99,197,37733,365,261,0,2396,218,13968,9218,0,20099,1592,53,23,357,3425,31,1493,115,1307,20456,9,209,1018,40,16720,12661,9021,0,388,3643,2281,10
Fenway,2007,0.24,0.13,16197,36715,99,197,37733,365,261,0,2396,218,13968,9218,0,20099,1592,53,23,357,3425,31,1493,115,1307,20456,9,209,1018,40,16720,12661,9021,0,388,3643,2281,10
Fenway,2008,0.23,0.15,16197,36715,99,197,37733,365,261,0,2396,218,13968,9218,0,20099,1592,53,23,357,3425,31,1493,115,1307,20456,9,209,1018,40,16720,12661,9021,0,388,3643,2281,10
Fenway,2009,0.23,0.15,16197,36715,99,197,37733,365,261,0,2396,218,13968,9218,0,20099,1592,53,23,357,3425,31,1493,115,1307,20456,9,209,1018,40,16720,12661,9021,0,388,3643,2281,10
Fenway,2010,0.23,0.16,16197,36715,99,197,37733,365,261,0,2396,218,13968,9218,0,20099,1592,53,23,357,3425,31,1493,115,1307,20456,9,209,1018,40,16720,12661,9021,0,388,3643,2281,10
Fenway,2011,0.22,0.16,16197,36715,99,197,37733,365,261,0,2396,218,13968,9218,0,20099,1592,53,23,357,3425,31,1493,115,1307,20456,9,209,1018,40,16720,12661,9021,0,388,3643,2281,10
Fenway,2012,0.21,0.15,16197,36715,99,197,37733,365,261,0,2396,218,13968,9218,0,20099,1592,53,23,357,3425,31,1493,115,1307,20456,9,209,1018,40,16720,12661,9021,0,388,3643,2281,10
Fenway,2013,0.21,0.16,16197,36715,99,197,37733,365,261,0,2396,218,13968,9218,0,20099,1592,53,23,357,3425,31,1493,115,1307,20456,9,209,1018,40,16720,12661,9021,0,388,3643,2281,10
Fenway,2014,0.21,0.17,16197,36715,99,197,37733,365,261,0,2396,218,13968,9218,0,20099,1592,53,23,357,3425,31,1493,115,1307,20456,9,209,1018,40,16720,12661,9021,0,388,3643,2281,10
Fenway,2015,0.19,0.18,16197,36715,99,197,37733,365,261,0,2396,218,13968,9218,0,20099,1592,53,23,357,3425,31,1493,115,1307,20456,9,209,1018,40,16720,12661,9021,0,388,3643,2281,10
Fenway,2016,0.19,0.21,16197,36715,99,197,37733,365,261,0,2396,218,13968,9218,0,20099,1592,53,23,357,3425,31,1493,115,1307,20456,9,209,1018,40,16720,12661,9021,0,388,3643,2281,10
Fenway,2017,0.18,0.22,16197,36715,99,197,37733,365,261,0,2396,218,13968,9218,0,20099,1592,53,23,357,3425,31,1493,115,1307,20456,9,209,1018,40,16720,12661,9021,0,388,3643,2281,10
Fenway,2018,0.17,0.23,16197,36715,99,197,37733,365,261,0,2396,218,13968,9218,0,20099,1592,53,23,357,3425,31,1493,115,1307,20456,9,209,1018,40,16720,12661,9021,0,388,3643,2281,10
Fenway,2019,0.17,0.24,16197,36715,99,197,37733,365,261,0,2396,218,13968,9218,0,20099,1592,53,23,357,3425,31,1493,115,1307,20456,9,209,1018,40,16720,12661,9021,0,388,3643,2281,10
Fenway,2020,0.16,0.27,16197,36715,99,197,37733,365,261,0,2396,218,13968,9218,0,20099,1592,53,23,357,3425,31,1493,115,1307,20456,9,209,1018,40,16720,12661,9021,0,388,3643,2281,10
Fenway,2021,0.16,0.28,16197,36715,99,197,37733,365,261,0,2396,218,13968,9218,0,20099,1592,53,23,357,3425,31,1493,115,1307,20456,9,209,1018,40,16720,12661,9021,0,388,3643,2281,10
Fenway,2022,0.16,0.29,16197,36715,99,197,37733,365,261,0,2396,218,13968,9218,0,20099,1592,53,23,357,3425,31,1493,115,1307,20456,9,209,1018,40,16720,12661,9021,0,388,3643,2281,10
Fenway,2023,0.17,0.35,16197,36715,99,197,37733,365,261,0,2396,218,13968,9218,0,20099,1592,53,23,357,3425,31,1493,115,1307,20456,9,209,1018,40,16720,12661,9021,0,388,3643,2281,10
Fenway,2024,0.16,0.36,16197,36715,99,197,37733,365,261,0,2396,218,13968,9218,0,20099,1592,53,23,357,3425,31,1493,115,1307,20456,9,209,1018,40,16720,12661,9021,0,388,3643,2281,10
Hyde Park,2004,0.64,0.02,64,26470,397,115,33009,266,67,0,15171,2042,12613,677,0,6494,1408,0,81,955,5859,49,1011,2942,547,7449,7,70,6539,56,201,12066,562,0,347,7901,12229,12
Hyde Park,2005,0.64,0.03,64,26470,397,115,33009,266,67,0,15171,2042,12613,677,0,6494,1408,0,81,955,5859,49,1011,2942,547,7449,7,70,6539,56,201,12066,562,0,347,7901,12229,12
Hyde Park,2006,0.62,0.03,64,26470,397,115,33009,266,67,0,15171,2042,12613,677,0,6494,1408,0,81,955,5859,49,1011,2942,547,7449,7,70,6539,56,201,12066,562,0,347,7901,12229,12
Hyde Park,2007,0.64,0.03,64,26470,397,115,33009,266,67,0,15171,2042,12613,677,0,6494,1408,0,81,955,5859,49,1011,2942,547,7449,7,70,6539,56,201,12066,562,0,347,7901,12229,12
Hyde Park,2008,0.64,0.04,64,26470,397,115,33009,266,67,0,15171,2042,12613,677,0,6494,1408,0,81,955,5859,49,1011,2942,547,7449,7,70,6539,56,201,12066,562,0,347,7901,12229,12
Hyde Park,2009,0.63,0.03,64,26470,397,115,33009,266,67,0,15171,2042,12613,677,0,6494,1408,0,81,955,5859,49,1011,2942,547,7449,7,70,6539,56,201,12066,562,0,347,7901,12229,12
Hyde Park,2010,0.63,0.03,64,26470,397,115,33009,266,67,0,15171,2042,12613,677,0,6494,1408,0,81,955,5859,49,1011,2942,547,7449,7,70,6539,56,201,12066,562,0,347,7901,12229,12
Hyde Park,2011,0.63,0.04,64,26470,397,115,33009,266,67,0,15171,2042,12613,677,0,6494,1408,0,81,955,5859,49,1011,2942,547,7449,7,70,6539,56,201,12066,562,0,347,7901,12229,12
Hyde Park,2012,0.6,0.07,64,26470,397,115,33009,266,67,0,15171,2042,12613,677,0,6494,1408,0,81,955,5859,49,1011,2942,547,7449,7,70,6539,56,201,12066,562,0,347,7901,12229,12
Hyde Park,2013,0.61,0.07,64,26470,397,115,33009,266,67,0,15171,2042,12613,677,0,6494,1408,0,81,955,5859,49,1011,2942,547,7449,7,70,6539,56,201,12066,562,0,347,7901,12229,12
Hyde Park,2014,0.62,0.06,64,26470,397,115,33009,266,67,0,15171,2042,12613,677,0,6494,1408,0,81,955,5859,49,1011,2942,547,7449,7,70,6539,56,201,12066,562,0,347,7901,12229,12
Hyde Park,2015,0.61,0.06,64,26470,397,115,33009,266,67,0,15171,2042,12613,677,0,6494,1408,0,81,955,5859,49,1011,2942,547,7449,7,70,6539,56,201,12066,562,0,347,7901,12229,12
Hyde Park,2016,0.62,0.05,64,26470,397,115,33009,266,67,0,15171,2042,12613,677,0,6494,1408,0,81,955,5859,49,1011,2942,547,7449,7,70,6539,56,201,12066,562,0,347,7901,12229,12
Hyde Park,2017,0.62,0.05,64,26470,397,115,33009,266,67,0,15171,2042,12613,677,0,6494,1408,0,81,955,5859,49,1011,2942,547,7449,7,70,6539,56,201,12066,562,0,347,7901,12229,12
Hyde Park,2018,0.63,0.06,64,26470,397,115,33009,266,67,0,15171,2042,12613,677,0,6494,1408,0,81,955,5859,49,1011,2942,547,7449,7,70,6539,56,201,12066,562,0,347,7901,12229,12
Hyde Park,2019,0.63,0.06,64,26470,397,115,33009,266,67,0,15171,2042,12613,677,0,6494,1408,0,81,955,5859,49,1011,2942,547,7449,7,70,6539,56,201,12066,562,0,347,7901,12229,12
Hyde Park,2020,0.64,0.08,64,26470,397,115,33009,266,67,0,15171,2042,12613,677,0,6494,1408,0,81,955,5859,49,1011,2942,547,7449,7,70,6539,56,201,12066,562,0,347,7901,12229,12
Hyde Park,2021,0.64,0.1,64,26470,397,115,33009,266,67,0,15171,2042,12613,677,0,6494,1408,0,81,955,5859,49,1011,2942,547,7449,7,70,6539,56,201,12066,562,0,347,7901,12229,12
Hyde Park,2022,0.64,0.1,64,26470,397,115,33009,266,67,0,15171,2042,12613,677,0,6494,1408,0,81,955,5859,49,1011,2942,547,7449,7,70,6539,56,201,12066,562,0,347,7901,12229,12
Hyde Park,2023,0.64,0.12,64,26470,397,115,33009,266,67,0,15171,2042,12613,677,0,6494,1408,0,81,955,5859,49,1011,2942,547,7449,7,70,6539,56,201,12066,562,0,347,7901,12229,12
Hyde Park,2024,0.63,0.12,64,26470,397,115,33009,266,67,0,15171,2042,12613,677,0,6494,1408,0,81,955,5859,49,1011,2942,547,7449,7,70,6539,56,201,12066,562,0,347,7901,12229,12
Jamaica Plain,2004,0.56,0.02,160,34817,708,249,41012,245,319,120,4686,1937,18891,2985,0,19642,2033,0,64,2390,6984,37,1325,838,1167,22032,9,369,6195,46,1058,17724,2736,90,309,8921,3848,13
Jamaica Plain,2005,0.56,0.03,160,34817,708,249,41012,245,319,120,4686,1937,18891,2985,0,19642,2033,0,64,2390,6984,37,1325,838,1167,22032,9,369,6195,46,1058,17724,2736,90,309,8921,3848,13
Jamaica Plain,2006,0.55,0.03,160,34817,708,249,41012,245,319,120,4686,1937,18891,2985,0,19642,2033,0,64,2390,6984,37,1325,838,1167,22032,9,369,6195,46,1058,17724,2736,90,309,8921,3848,13
Jamaica Plain,2007,0.57,0.03,160,34817,708,249,41012,245,319,120,4686,1937,18891,2985,0,19642,2033,0,64,2390,6984,37,1325,838,1167,22032,9,369,6195,46,1058,17724,2736,90,309,8921,3848,13
Jamaica Plain,2008,0.57,0.04,160,34817,708,249,41012,245,319,120,4686,1937,18891,2985,0,19642,2033,0,64,2390,6984,37,1325,838,1167,22032,9,369,6195,46,1058,17724,2736,90,309,8921,3848,13
Jamaica Plain,2009,0.55,0.04,160,34817,708,249,41012,245,319,120,4686,1937,18891,2985,0,19642,2033,0,64,2390,6984,37,1325,838,1167,22032,9,369,6195,46,1058,17724,2736,90,309,8921,3848,13
Jamaica Plain,2010,0.56,0.04,160,34817,708,249,41012,245,319,120,4686,1937,18891,2985,0,19642,2033,0,64,2390,6984,37,1325,838,1167,22032,9,369,6195,46,1058,17724,2736,90,309,8921,3848,13
Jamaica Plain,2011,0.56,0.04,160,34817,708,249,41012,245,319,120,4686,1937,18891,2985,0,19642,2033,0,64,2390,6984,37,1325,838,1167,22032,9,369,6195,46,1058,17724,2736,90,309,8921,3848,13
Jamaica Plain,2012,0.55,0.04,160,34817,708,249,41012,245,319,120,4686,1937,18891,2985,0,19642,2033,0,64,2390,6984,37,1325,838,1167,22032,9,369,6195,46,1058,17724,2736,90,309,8921,3848,13
Jamaica Plain,2013,0.54,0.04,160,34817,708,249,41012,245,319,120,4686,1937,18891,2985,0,19642,2033,0,64,2390,6984,37,1325,838,1167,22032,9,369,6195,46,1058,17724,2736,90,309,8921,3848,13
Jamaica Plain,2014,0.55,0.05,160,34817,708,249,41012,245,319,120,4686,1937,18891,2985,0,19642,2033,0,64,2390,6984,37,1325,838,1167,22032,9,369,6195,46,1058,17724,2736,90,309,8921,3848,13
Jamaica Plain,2015,0.54,0.05,160,34817,708,249,41012,245,319,120,4686,1937,18891,2985,0,19642,2033,0,64,2390,6984,37,1325,838,1167,22032,9,369,6195,46,1058,17724,2736,90,309,8921,3848,13
Jamaica Plain,2016,0.54,0.06,160,34817,708,249,41012,245,319,120,4686,1937,18891,2985,0,19642,2033,0,64,2390,6984,37,1325,838,1167,22032,9,369,6195,46,1058,17724,2736,90,309,8921,3848,13
Jamaica Plain,2017,0.54,0.07,160,34817,708,249,41012,245,319,120,4686,1937,18891,2985,0,19642,2033,0,64,2390,6984,37,1325,838,1167,22032,9,369,6195,46,1058,17724,2736,90,309,8921,3848,13
Jamaica Plain,2018,0.54,0.07,160,34817,708,249,41012,245,319,120,4686,1937,18891,2985,0,19642,2033,0,64,2390,6984,37,1325,838,1167,22032,9,369,6195,46,1058,17724,2736,90,309,8921,3848,13
Jamaica Plain,2019,0.53,0.08,160,34817,708,249,41012,245,319,120,4686,1937,18891,2985,0,19642,2033,0,64,2390,6984,37,1325,838,1167,22032,9,369,6195,46,1058,17724,2736,90,309,8921,3848,13
Jamaica Plain,2020,0.53,0.11,160,34817,708,249,41012,245,319,120,4686,1937,18891,2985,0,19642,2033,0,64,2390,6984,37,1325,838,1167,22032,9,369,6195,46,1058,17724,2736,90,309,8921,3848,13
Jamaica Plain,2021,0.54,0.13,160,34817,708,249,41012,245,319,120,4686,1937,18891,2985,0,19642,2033,0,64,2390,6984,37,1325,838,1167,22032,9,369,6195,46,1058,17724,2736,90,309,8921,3848,13
Jamaica Plain,2022,0.53,0.13,160,34817,708,249,41012,245,319,120,4686,1937,18891,2985,0,19642,2033,0,64,2390,6984,37,1325,838,1167,22032,9,369,6195,46,1058,17724,2736,90,309,8921,3848,13
Jamaica Plain,2023,0.53,0.16,160,34817,708,249,41012,245,319,120,4686,1937,18891,2985,0,19642,2033,0,64,2390,6984,37,1325,838,1167,22032,9,369,6195,46,1058,17724,2736,90,309,8921,3848,13
Jamaica Plain,2024,0.52,0.17,160,34817,708,249,41012,245,319,120,4686,1937,18891,2985,0,19642,2033,0,64,2390,6984,37,1325,838,1167,22032,9,369,6195,46,1058,17724,2736,90,309,8921,3848,13
Longwood,2004,0.3,0.09,3296,3977,7,28,4096,15,0,0,334,34,456,657,0,2555,127,0,2,18,347,7,120,30,31,2573,0,0,119,7,3296,425,629,0,17,381,304,14
Longwood,2005,0.3,0.09,3296,3977,7,28,4096,15,0,0,334,34,456,657,0,2555,127,0,2,18,347,7,120,30,31,2573,0,0,119,7,3296,425,629,0,17,381,304,14
Longwood,2006,0.29,0.09,3296,3977,7,28,4096,15,0,0,334,34,456,657,0,2555,127,0,2,18,347,7,120,30,31,2573,0,0,119,7,3296,425,629,0,17,381,304,14
Longwood,2007,0.3,0.1,3296,3977,7,28,4096,15,0,0,334,34,456,657,0,2555,127,0,2,18,347,7,120,30,31,2573,0,0,119,7,3296,425,629,0,17,381,304,14
Longwood,2008,0.28,0.11,3296,3977,7,28,4096,15,0,0,334,34,456,657,0,2555,127,0,2,18,347,7,120,30,31,2573,0,0,119,7,3296,425,629,0,17,381,304,14
Longwood,2009,0.27,0.11,3296,3977,7,28,4096,15,0,0,334,34,456,657,0,2555,127,0,2,18,347,7,120,30,31,2573,0,0,119,7,3296,425,629,0,17,381,304,14
Longwood,2010,0.27,0.11,3296,3977,7,28,4096,15,0,0,334,34,456,657,0,2555,127,0,2,18,347,7,120,30,31,2573,0,0,119,7,3296,425,629,0,17,381,304,14
Longwood,2011,0.26,0.1,3296,3977,7,28,4096,15,0,0,334,34,456,657,0,2555,127,0,2,18,347,7,120,30,31,2573,0,0,119,7,3296,425,629,0,17,381,304,14
Longwood,2012,0.25,0.11,3296,3977,7,28,4096,15,0,0,334,34,456,657,0,2555,127,0,2,18,347,7,120,30,31,2573,0,0,119,7,3296,425,629,0,17,381,304,14
Longwood,2013,0.24,0.12,3296,3977,7,28,4096,15,0,0,334,34,456,657,0,2555,127,0,2,18,347,7,120,30,31,2573,0,0,119,7,3296,425,629,0,17,381,304,14
Longwood,2014,0.25,0.11,3296,3977,7,28,4096,15,0,0,334,34,456,657,0,2555,127,0,2,18,347,7,120,30,31,2573,0,0,119,7,3296,425,629,0,17,381,304,14
Longwood,2015,0.23,0.13,3296,3977,7,28,4096,15,0,0,334,34,456,657,0,2555,127,0,2,18,347,7,120,30,31,2573,0,0,119,7,3296,425,629,0,17,381,304,14
Longwood,2016,0.22,0.14,3296,3977,7,28,4096,15,0,0,334,34,456,657,0,2555,127,0,2,18,347,7,120,30,31,2573,0,0,119,7,3296,425,629,0,17,381,304,14
Longwood,2017,0.21,0.16,3296,3977,7,28,4096,15,0,0,334,34,456,657,0,2555,127,0,2,18,347,7,120,30,31,2573,0,0,119,7,3296,425,629,0,17,381,304,14
Longwood,2018,0.2,0.18,3296,3977,7,28,4096,15,0,0,334,34,456,657,0,2555,127,0,2,18,347,7,120,30,31,2573,0,0,119,7,3296,425,629,0,17,381,304,14
Longwood,2019,0.2,0.18,3296,3977,7,28,4096,15,0,0,334,34,456,657,0,2555,127,0,2,18,347,7,120,30,31,2573,0,0,119,7,3296,425,629,0,17,381,304,14
Longwood,2020,0.21,0.22,3296,3977,7,28,4096,15,0,0,334,34,456,657,0,2555,127,0,2,18,347,7,120,30,31,2573,0,0,119,7,3296,425,629,0,17,381,304,14
Longwood,2021,0.2,0.27,3296,3977,7,28,4096,15,0,0,334,34,456,657,0,2555,127,0,2,18,347,7,120,30,31,2573,0,0,119,7,3296,425,629,0,17,381,304,14
Longwood,2022,0.21,0.27,3296,3977,7,28,4096,15,0,0,334,34,456,657,0,2555,127,0,2,18,347,7,120,30,31,2573,0,0,119,7,3296,425,629,0,17,381,304,14
Longwood,2023,0.2,0.3,3296,3977,7,28,4096,15,0,0,334,34,456,657,0,2555,127,0,2,18,347,7,120,30,31,2573,0,0,119,7,3296,425,629,0,17,381,304,14
Longwood,2024,0.18,0.34,3296,3977,7,28,4096,15,0,0,334,34,456,657,0,2555,127,0,2,18,347,7,120,30,31,2573,0,0,119,7,3296,425,629,0,17,381,304,14
Mattapan,2004,0.57,0.02,0,18511,328,96,23834,167,85,0,16277,1349,9346,490,0,1332,1221,86,57,157,2730,44,893,3326,525,1489,10,102,5323,54,348,8821,394,75,224,4079,12951,15
Mattapan,2005,0.56,0.03,0,18511,328,96,23834,167,85,0,16277,1349,9346,490,0,1332,1221,86,57,157,2730,44,893,3326,525,1489,10,102,5323,54,348,8821,394,75,224,4079,12951,15
Mattapan,2006,0.54,0.03,0,18511,328,96,23834,167,85,0,16277,1349,9346,490,0,1332,1221,86,57,157,2730,44,893,3326,525,1489,10,102,5323,54,348,8821,394,75,224,4079,12951,15
Mattapan,2007,0.56,0.03,0,18511,328,96,23834,167,85,0,16277,1349,9346,490,0,1332,1221,86,57,157,2730,44,893,3326,525,1489,10,102,5323,54,348,8821,394,75,224,4079,12951,15
Mattapan,2008,0.56,0.03,0,18511,328,96,23834,167,85,0,16277,1349,9346,490,0,1332,1221,86,57,157,2730,44,893,3326,525,1489,10,102,5323,54,348,8821,394,75,224,4079,12951,15
Mattapan,2009,0.54,0.03,0,18511,328,96,23834,167,85,0,16277,1349,9346,490,0,1332,1221,86,57,157,2730,44,893,3326,525,1489,10,102,5323,54,348,8821,394,75,224,4079,12951,15
Mattapan,2010,0.55,0.03,0,18511,328,96,23834,167,85,0,16277,1349,9346,490,0,1332,1221,86,57,157,2730,44,893,3326,525,1489,10,102,5323,54,348,8821,394,75,224,4079,12951,15
Mattapan,2011,0.56,0.04,0,18511,328,96,23834,167,85,0,16277,1349,9346,490,0,1332,1221,86,57,157,2730,44,893,3326,525,1489,10,102,5323,54,348,8821,394,75,224,4079,12951,15
Mattapan,2012,0.54,0.04,0,18511,328,96,23834,167,85,0,16277,1349,9346,490,0,1332,1221,86,57,157,2730,44,893,3326,525,1489,10,102,5323,54,348,8821,394,75,224,4079,12951,15
Mattapan,2013,0.52,0.05,0,18511,328,96,23834,167,85,0,16277,1349,9346,490,0,1332,1221,86,57,157,2730,44,893,3326,525,1489,10,102,5323,54,348,8821,394,75,224,4079,12951,15
Mattapan,2014,0.54,0.05,0,18511,328,96,23834,167,85,0,16277,1349,9346,490,0,1332,1221,86,57,157,2730,44,893,3326,525,1489,10,102,5323,54,348,8821,394,75,224,4079,12951,15
Mattapan,2015,0.54,0.05,0,18511,328,96,23834,167,85,0,16277,1349,9346,490,0,1332,1221,86,57,157,2730,44,893,3326,525,1489,10,102,5323,54,348,8821,394,75,224,4079,12951,15
Mattapan,2016,0.52,0.06,0,18511,328,96,23834,167,85,0,16277,1349,9346,490,0,1332,1221,86,57,157,2730,44,893,3326,525,1489,10,102,5323,54,348,8821,394,75,224,4079,12951,15
Mattapan,2017,0.53,0.06,0,18511,328,96,23834,167,85,0,16277,1349,9346,490,0,1332,1221,86,57,157,2730,44,893,3326,525,1489,10,102,5323,54,348,8821,394,75,224,4079,12951,15
Mattapan,2018,0.53,0.07,0,18511,328,96,23834,167,85,0,16277,1349,9346,490,0,1332,1221,86,57,157,2730,44,893,3326,525,1489,10,102,5323,54,348,8821,394,75,224,4079,12951,15
Mattapan,2019,0.53,0.07,0,18511,328,96,23834,167,85,0,16277,1349,9346,490,0,1332,1221,86,57,157,2730,44,893,3326,525,1489,10,102,5323,54,348,8821,394,75,224,4079,12951,15
Mattapan,2020,0.55,0.09,0,18511,328,96,23834,167,85,0,16277,1349,9346,490,0,1332,1221,86,57,157,2730,44,893,3326,525,1489,10,102,5323,54,348,8821,394,75,224,4079,12951,15
Mattapan,2021,0.56,0.09,0,18511,328,96,23834,167,85,0,16277,1349,9346,490,0,1332,1221,86,57,157,2730,44,893,3326,525,1489,10,102,5323,54,348,8821,394,75,224,4079,12951,15
Mattapan,2022,0.56,0.1,0,18511,328,96,23834,167,85,0,16277,1349,9346,490,0,1332,1221,86,57,157,2730,44,893,3326,525,1489,10,102,5323,54,348,8821,394,75,224,4079,12951,15
Mattapan,2023,0.56,0.12,0,18511,328,96,23834,167,85,0,16277,1349,9346,490,0,1332,1221,86,57,157,2730,44,893,3326,525,1489,10,102,5323,54,348,8821,394,75,224,4079,12951,15
Mattapan,2024,0.55,0.14,0,18511,328,96,23834,167,85,0,16277,1349,9346,490,0,1332,1221,86,57,157,2730,44,893,3326,525,1489,10,102,5323,54,348,8821,394,75,224,4079,12951,15
North End,2004,0.36,0.08,0,10236,40,10,10805,37,41,0,141,83,6832,445,116,8888,333,0,8,418,445,6,293,9,518,9306,1,32,569,7,189,6314,435,0,45,528,132,17
North End,2005,0.35,0.08,0,10236,40,10,10805,37,41,0,141,83,6832,445,116,8888,333,0,8,418,445,6,293,9,518,9306,1,32,569,7,189,6314,435,0,45,528,132,17
North End,2006,0.32,0.09,0,10236,40,10,10805,37,41,0,141,83,6832,445,116,8888,333,0,8,418,445,6,293,9,518,9306,1,32,569,7,189,6314,435,0,45,528,132,17
North End,2007,0.34,0.1,0,10236,40,10,10805,37,41,0,141,83,6832,445,116,8888,333,0,8,418,445,6,293,9,518,9306,1,32,569,7,189,6314,435,0,45,528,132,17
North End,2008,0.33,0.11,0,10236,40,10,10805,37,41,0,141,83,6832,445,116,8888,333,0,8,418,445,6,293,9,518,9306,1,32,569,7,189,6314,435,0,45,528,132,17
North End,2009,0.32,0.1,0,10236,40,10,10805,37,41,0,141,83,6832,445,116,8888,333,0,8,418,445,6,293,9,518,9306,1,32,569,7,189,6314,435,0,45,528,132,17
North End,2010,0.32,0.11,0,10236,40,10,10805,37,41,0,141,83,6832,445,116,8888,333,0,8,418,445,6,293,9,518,9306,1,32,569,7,189,6314,435,0,45,528,132,17
North End,2011,0.31,0.11,0,10236,40,10,10805,37,41,0,141,83,6832,445,116,8888,333,0,8,418,445,6,293,9,518,9306,1,32,569,7,189,6314,435,0,45,528,132,17
North End,2012,0.29,0.11,0,10236,40,10,10805,37,41,0,141,83,6832,445,116,8888,333,0,8,418,445,6,293,9,518,9306,1,32,569,7,189,6314,435,0,45,528,132,17
North End,2013,0.3,0.11,0,10236,40,10,10805,37,41,0,141,83,6832,445,116,8888,333,0,8,418,445,6,293,9,518,9306,1,32,569,7,189,6314,435,0,45,528,132,17
North End,2014,0.29,0.11,0,10236,40,10,10805,37,41,0,141,83,6832,445,116,8888,333,0,8,418,445,6,293,9,518,9306,1,32,569,7,189,6314,435,0,45,528,132,17
North End,2015,0.28,0.13,0,10236,40,10,10805,37,41,0,141,83,6832,445,116,8888,333,0,8,418,445,6,293,9,518,9306,1,32,569,7,189,6314,435,0,45,528,132,17
North End,2016,0.28,0.1,0,10236,40,10,10805,37,41,0,141,83,6832,445,116,8888,333,0,8,418,445,6,293,9,518,9306,1,32,569,7,189,6314,435,0,45,528,132,17
North End,2017,0.28,0.12,0,10236,40,10,10805,37,41,0,141,83,6832,445,116,8888,333,0,8,418,445,6,293,9,518,9306,1,32,569,7,189,6314,435,0,45,528,132,17
North End,2018,0.27,0.13,0,10236,40,10,10805,37,41,0,141,83,6832,445,116,8888,333,0,8,418,445,6,293,9,518,9306,1,32,569,7,189,6314,435,0,45,528,132,17
North End,2019,0.26,0.16,0,10236,40,10,10805,37,41,0,141,83,6832,445,116,8888,333,0,8,418,445,6,293,9,518,9306,1,32,569,7,189,6314,435,0,45,528,132,17
North End,2020,0.26,0.19,0,10236,40,10,10805,37,41,0,141,83,6832,445,116,8888,333,0,8,418,445,6,293,9,518,9306,1,32,569,7,189,6314,435,0,45,528,132,17
North End,2021,0.25,0.23,0,10236,40,10,10805,37,41,0,141,83,6832,445,116,8888,333,0,8,418,445,6,293,9,518,9306,1,32,569,7,189,6314,435,0,45,528,132,17
North End,2022,0.27,0.24,0,10236,40,10,10805,37,41,0,141,83,6832,445,116,8888,333,0,8,418,445,6,293,9,518,9306,1,32,569,7,189,6314,435,0,45,528,132,17
North End,2023,0.26,0.28,0,10236,40,10,10805,37,41,0,141,83,6832,445,116,8888,333,0,8,418,445,6,293,9,518,9306,1,32,569,7,189,6314,435,0,45,528,132,17
North End,2024,0.25,0.29,0,10236,40,10,10805,37,41,0,141,83,6832,445,116,8888,333,0,8,418,445,6,293,9,518,9306,1,32,569,7,189,6314,435,0,45,528,132,17
Roslindale,2004,0.68,0.02,0,23604,461,142,29386,205,438,0,6045,1865,12114,1018,0,11486,1227,0,66,1942,5508,23,766,1305,580,13428,1,57,5782,24,504,11534,876,9,271,7373,4740,18
Roslindale,2005,0.67,0.02,0,23604,461,142,29386,205,438,0,6045,1865,12114,1018,0,11486,1227,0,66,1942,5508,23,766,1305,580,13428,1,57,5782,24,504,11534,876,9,271,7373,4740,18
Roslindale,2006,0.66,0.02,0,23604,461,142,29386,205,438,0,6045,1865,12114,1018,0,11486,1227,0,66,1942,5508,23,766,1305,580,13428,1,57,5782,24,504,11534,876,9,271,7373,4740,18
Roslindale,2007,0.67,0.02,0,23604,461,142,29386,205,438,0,6045,1865,12114,1018,0,11486,1227,0,66,1942,5508,23,766,1305,580,13428,1,57,5782,24,504,11534,876,9,271,7373,4740,18
Roslindale,2008,0.67,0.02,0,23604,461,142,29386,205,438,0,6045,1865,12114,1018,0,11486,1227,0,66,1942,5508,23,766,1305,580,13428,1,57,5782,24,504,11534,876,9,271,7373,4740,18
Roslindale,2009,0.65,0.02,0,23604,461,142,29386,205,438,0,6045,1865,12114,1018,0,11486,1227,0,66,1942,5508,23,766,1305,580,13428,1,57,5782,24,504,11534,876,9,271,7373,4740,18
Roslindale,2010,0.65,0.02,0,23604,461,142,29386,205,438,0,6045,1865,12114,1018,0,11486,1227,0,66,1942,5508,23,766,1305,580,13428,1,57,5782,24,504,11534,876,9,271,7373,4740,18
Roslindale,2011,0.65,0.02,0,23604,461,142,29386,205,438,0,6045,1865,12114,1018,0,11486,1227,0,66,1942,5508,23,766,1305,580,13428,1,57,5782,24,504,11534,876,9,271,7373,4740,18
Roslindale,2012,0.64,0.03,0,23604,461,142,29386,205,438,0,6045,1865,12114,1018,0,11486,1227,0,66,1942,5508,23,766,1305,580,13428,1,57,5782,24,504,11534,876,9,271,7373,4740,18
Roslindale,2013,0.64,0.03,0,23604,461,142,29386,205,438,0,6045,1865,12114,1018,0,11486,1227,0,66,1942,5508,23,766,1305,580,13428,1,57,5782,24,504,11534,876,9,271,7373,4740,18
Roslindale,2014,0.64,0.03,0,23604,461,142,29386,205,438,0,6045,1865,12114,1018,0,11486,1227,0,66,1942,5508,23,766,1305,580,13428,1,57,5782,24,504,11534,876,9,271,7373,4740,18
Roslindale,2015,0.63,0.03,0,23604,461,142,29386,205,438,0,6045,1865,12114,1018,0,11486,1227,0,66,1942,5508,23,766,1305,580,13428,1,57,5782,24,504,11534,876,9,271,7373,4740,18
Roslindale,2016,0.63,0.04,0,23604,461,142,29386,205,438,0,6045,1865,12114,1018,0,11486,1227,0,66,1942,5508,23,766,1305,580,13428,1,57,5782,24,504,11534,876,9,271,7373,4740,18
Roslindale,2017,0.63,0.05,0,23604,461,142,29386,205,438,0,6045,1865,12114,1018,0,11486,1227,0,66,1942,5508,23,766,1305,580,13428,1,57,5782,24,504,11534,876,9,271,7373,4740,18
Roslindale,2018,0.63,0.05,0,23604,461,142,29386,205,438,0,6045,1865,12114,1018,0,11486,1227,0,66,1942,5508,23,766,1305,580,13428,1,57,5782,24,504,11534,876,9,271,7373,4740,18
Roslindale,2019,0.63,0.05,0,23604,461,142,29386,205,438,0,6045,1865,12114,1018,0,11486,1227,0,66,1942,5508,23,766,1305,580,13428,1,57,5782,24,504,11534,876,9,271,7373,4740,18
Roslindale,2020,0.63,0.08,0,23604,461,142,29386,205,438,0,6045,1865,12114,1018,0,11486,1227,0,66,1942,5508,23,766,1305,580,13428,1,57,5782,24,504,11534,876,9,271,7373,4740,18
Roslindale,2021,0.63,0.1,0,23604,461,142,29386,205,438,0,6045,1865,12114,1018,0,11486,1227,0,66,1942,5508,23,766,1305,580,13428,1,57,5782,24,504,11534,876,9,271,7373,4740,18
Roslindale,2022,0.64,0.1,0,23604,461,142,29386,205,438,0,6045,1865,12114,1018,0,11486,1227,0,66,1942,5508,23,766,1305,580,13428,1,57,5782,24,504,11534,876,9,271,7373,4740,18
Roslindale,2023,0.63,0.12,0,23604,461,142,29386,205,438,0,6045,1865,12114,1018,0,11486,1227,0,66,1942,5508,23,766,1305,580,13428,1,57,5782,24,504,11534,876,9,271,7373,4740,18
Roslindale,2024,0.63,0.14,0,23604,461,142,29386,205,438,0,6045,1865,12114,1018,0,11486,1227,0,66,1942,5508,23,766,1305,580,13428,1,57,5782,24,504,11534,876,9,271,7373,4740,18
Roxbury,2004,0.3,0.07,2520,43502,823,251,54905,837,0,41,22796,4713,22034,3277,0,6661,3678,742,293,521,12015,85,2855,4773,1689,7182,29,1102,11403,114,4565,20345,3026,160,1130,16728,18023,19
Roxbury,2005,0.3,0.08,2520,43502,823,251,54905,837,0,41,22796,4713,22034,3277,0,6661,3678,742,293,521,12015,85,2855,4773,1689,7182,29,1102,11403,114,4565,20345,3026,160,1130,16728,18023,19
Roxbury,2006,0.29,0.08,2520,43502,823,251,54905,837,0,41,22796,4713,22034,3277,0,6661,3678,742,293,521,12015,85,2855,4773,1689,7182,29,1102,11403,114,4565,20345,3026,160,1130,16728,18023,19
Roxbury,2007,0.32,0.08,2520,43502,823,251,54905,837,0,41,22796,4713,22034,3277,0,6661,3678,742,293,521,12015,85,2855,4773,1689,7182,29,1102,11403,114,4565,20345,3026,160,1130,16728,18023,19
Roxbury,2008,0.32,0.08,2520,43502,823,251,54905,837,0,41,22796,4713,22034,3277,0,6661,3678,742,293,521,12015,85,2855,4773,1689,7182,29,1102,11403,114,4565,20345,3026,160,1130,16728,18023,19
Roxbury,2009,0.3,0.09,2520,43502,823,251,54905,837,0,41,22796,4713,22034,3277,0,6661,3678,742,293,521,12015,85,2855,4773,1689,7182,29,1102,11403,114,4565,20345,3026,160,1130,16728,18023,19
Roxbury,2010,0.31,0.09,2520,43502,823,251,54905,837,0,41,22796,4713,22034,3277,0,6661,3678,742,293,521,12015,85,2855,4773,1689,7182,29,1102,11403,114,4565,20345,3026,160,1130,16728,18023,19
Roxbury,2011,0.31,0.1,2520,43502,823,251,54905,837,0,41,22796,4713,22034,3277,0,6661,3678,742,293,521,12015,85,2855,4773,1689,7182,29,1102,11403,114,4565,20345,3026,160,1130,16728,18023,19
Roxbury,2012,0.31,0.11,2520,43502,823,251,54905,837,0,41,22796,4713,22034,3277,0,6661,3678,742,293,521,12015,85,2855,4773,1689,7182,29,1102,11403,114,4565,20345,3026,160,1130,16728,18023,19
Roxbury,2013,0.31,0.13,2520,43502,823,251,54905,837,0,41,22796,4713,22034,3277,0,6661,3678,742,293,521,12015,85,2855,4773,1689,7182,29,1102,11403,114,4565,20345,3026,160,1130,16728,18023,19
Roxbury,2014,0.32,0.13,2520,43502,823,251,54905,837,0,41,22796,4713,22034,3277,0,6661,3678,742,293,521,12015,85,2855,4773,1689,7182,29,1102,11403,114,4565,20345,3026,160,1130,16728,18023,19
Roxbury,2015,0.31,0.15,2520,43502,823,251,54905,837,0,41,22796,4713,22034,3277,0,6661,3678,742,293,521,12015,85,2855,4773,1689,7182,29,1102,11403,114,4565,20345,3026,160,1130,16728,18023,19
Roxbury,2016,0.3,0.16,2520,43502,823,251,54905,837,0,41,22796,4713,22034,3277,0,6661,3678,742,293,521,12015,85,2855,4773,1689,7182,29,1102,11403,114,4565,20345,3026,160,1130,16728,18023,19
Roxbury,2017,0.3,0.17,2520,43502,823,251,54905,837,0,41,22796,4713,22034,3277,0,6661,3678,742,293,521,12015,85,2855,4773,1689,7182,29,1102,11403,114,4565,20345,3026,160,1130,16728,18023,19
Roxbury,2018,0.3,0.18,2520,43502,823,251,54905,837,0,41,22796,4713,22034,3277,0,6661,3678,742,293,521,12015,85,2855,4773,1689,7182,29,1102,11403,114,4565,20345,3026,160,1130,16728,18023,19
Roxbury,2019,0.3,0.19,2520,43502,823,251,54905,837,0,41,22796,4713,22034,3277,0,6661,3678,742,293,521,12015,85,2855,4773,1689,7182,29,1102,11403,114,4565,20345,3026,160,1130,16728,18023,19
Roxbury,2020,0.31,0.22,2520,43502,823,251,54905,837,0,41,22796,4713,22034,3277,0,6661,3678,742,293,521,12015,85,2855,4773,1689,7182,29,1102,11403,114,4565,20345,3026,160,1130,16728,18023,19
Roxbury,2021,0.32,0.23,2520,43502,823,251,54905,837,0,41,22796,4713,22034,3277,0,6661,3678,742,293,521,12015,85,2855,4773,1689,7182,29,1102,11403,114,4565,20345,3026,160,1130,16728,18023,19
Roxbury,2022,0.32,0.23,2520,43502,823,251,54905,837,0,41,22796,4713,22034,3277,0,6661,3678,742,293,521,12015,85,2855,4773,1689,7182,29,1102,11403,114,4565,20345,3026,160,1130,16728,18023,19
Roxbury,2023,0.32,0.25,2520,43502,823,251,54905,837,0,41,22796,4713,22034,3277,0,6661,3678,742,293,521,12015,85,2855,4773,1689,7182,29,1102,11403,114,4565,20345,3026,160,1130,16728,18023,19
Roxbury,2024,0.32,0.25,2520,43502,823,251,54905,837,0,41,22796,4713,22034,3277,0,6661,3678,742,293,521,12015,85,2855,4773,1689,7182,29,1102,11403,114,4565,20345,3026,160,1130,16728,18023,19
South Boston,2004,0.5,0.04,0,33614,272,227,37917,142,188,0,1529,1088,19140,2077,0,26930,1056,0,49,2209,2799,25,784,445,1179,29139,13,125,4303,38,369,17961,1850,56,191,3887,1084,20
South Boston,2005,0.49,0.05,0,33614,272,227,37917,142,188,0,1529,1088,19140,2077,0,26930,1056,0,49,2209,2799,25,784,445,1179,29139,13,125,4303,38,369,17961,1850,56,191,3887,1084,20
South Boston,2006,0.48,0.05,0,33614,272,227,37917,142,188,0,1529,1088,19140,2077,0,26930,1056,0,49,2209,2799,25,784,445,1179,29139,13,125,4303,38,369,17961,1850,56,191,3887,1084,20
South Boston,2007,0.51,0.05,0,33614,272,227,37917,142,188,0,1529,1088,19140,2077,0,26930,1056,0,49,2209,2799,25,784,445,1179,29139,13,125,4303,38,369,17961,1850,56,191,3887,1084,20
South Boston,2008,0.5,0.06,0,33614,272,227,37917,142,188,0,1529,1088,19140,2077,0,26930,1056,0,49,2209,2799,25,784,445,1179,29139,13,125,4303,38,369,17961,1850,56,191,3887,1084,20
South Boston,2009,0.49,0.08,0,33614,272,227,37917,142,188,0,1529,1088,19140,2077,0,26930,1056,0,49,2209,2799,25,784,445,1179,29139,13,125,4303,38,369,17961,1850,56,191,3887,1084,20
South Boston,2010,0.49,0.08,0,33614,272,227,37917,142,188,0,1529,1088,19140,2077,0,26930,1056,0,49,2209,2799,25,784,445,1179,29139,13,125,4303,38,369,17961,1850,56,191,3887,1084,20
South Boston,2011,0.49,0.08,0,33614,272,227,37917,142,188,0,1529,1088,19140,2077,0,26930,1056,0,49,2209,2799,25,784,445,1179,29139,13,125,4303,38,369,17961,1850,56,191,3887,1084,20
South Boston,2012,0.47,0.08,0,33614,272,227,37917,142,188,0,1529,1088,19140,2077,0,26930,1056,0,49,2209,2799,25,784,445,1179,29139,13,125,4303,38,369,17961,1850,56,191,3887,1084,20
South Boston,2013,0.47,0.08,0,33614,272,227,37917,142,188,0,1529,1088,19140,2077,0,26930,1056,0,49,2209,2799,25,784,445,1179,29139,13,125,4303,38,369,17961,1850,56,191,3887,1084,20
South Boston,2014,0.47,0.08,0,33614,272,227,37917,142,188,0,1529,1088,19140,2077,0,26930,1056,0,49,2209,2799,25,784,445,1179,29139,13,125,4303,38,369,17961,1850,56,191,3887,1084,20
South Boston,2015,0.45,0.09,0,33614,272,227,37917,142,188,0,1529,1088,19140,2077,0,26930,1056,0,49,2209,2799,25,784,445,1179,29139,13,125,4303,38,369,17961,1850,56,191,3887,1084,20
South Boston,2016,0.45,0.09,0,33614,272,227,37917,142,188,0,1529,1088,19140,2077,0,26930,1056,0,49,2209,2799,25,784,445,1179,29139,13,125,4303,38,369,17961,1850,56,191,3887,1084,20
South Boston,2017,0.43,0.1,0,33614,272,227,37917,142,188,0,1529,1088,19140,2077,0,26930,1056,0,49,2209,2799,25,784,445,1179,29139,13,125,4303,38,369,17961,1850,56,191,3887,1084,20
South Boston,2018,0.42,0.11,0,33614,272,227,37917,142,188,0,1529,1088,19140,2077,0,26930,1056,0,49,2209,2799,25,784,445,1179,29139,13,125,4303,38,369,17961,1850,56,191,3887,1084,20
South Boston,2019,0.41,0.12,0,33614,272,227,37917,142,188,0,1529,1088,19140,2077,0,26930,1056,0,49,2209,2799,25,784,445,1179,29139,13,125,4303,38,369,17961,1850,56,191,3887,1084,20
South Boston,2020,0.4,0.16,0,33614,272,227,37917,142,188,0,1529,1088,19140,2077,0,26930,1056,0,49,2209,2799,25,784,445,1179,29139,13,125,4303,38,369,17961,1850,56,191,3887,1084,20
South Boston,2021,0.39,0.18,0,33614,272,227,37917,142,188,0,1529,1088,19140,2077,0,26930,1056,0,49,2209,2799,25,784,445,1179,29139,13,125,4303,38,369,17961,1850,56,191,3887,1084,20
South Boston,2022,0.4,0.19,0,33614,272,227,37917,142,188,0,1529,1088,19140,2077,0,26930,1056,0,49,2209,2799,25,784,445,1179,29139,13,125,4303,38,369,17961,1850,56,191,3887,1084,20
South Boston,2023,0.4,0.21,0,33614,272,227,37917,142,188,0,1529,1088,19140,2077,0,26930,1056,0,49,2209,2799,25,784,445,1179,29139,13,125,4303,38,369,17961,1850,56,191,3887,1084,20
South Boston,2024,0.38,0.22,0,33614,272,227,37917,142,188,0,1529,1088,19140,2077,0,26930,1056,0,49,2209,2799,25,784,445,1179,29139,13,125,4303,38,369,17961,1850,56,191,3887,1084,20
South Boston Waterfront,2004,0.24,0.06,0,5286,53,24,5579,63,0,0,160,46,4622,482,0,4171,237,0,4,144,270,2,184,22,998,4315,0,1,293,2,1,3624,458,0,67,316,138,21
South Boston Waterfront,2005,0.25,0.08,0,5286,53,24,5579,63,0,0,160,46,4622,482,0,4171,237,0,4,144,270,2,184,22,998,4315,0,1,293,2,1,3624,458,0,67,316,138,21
South Boston Waterfront,2006,0.26,0.11,0,5286,53,24,5579,63,0,0,160,46,4622,482,0,4171,237,0,4,144,270,2,184,22,998,4315,0,1,293,2,1,3624,458,0,67,316,138,21
South Boston Waterfront,2007,0.27,0.15,0,5286,53,24,5579,63,0,0,160,46,4622,482,0,4171,237,0,4,144,270,2,184,22,998,4315,0,1,293,2,1,3624,458,0,67,316,138,21
South Boston Waterfront,2008,0.22,0.12,0,5286,53,24,5579,63,0,0,160,46,4622,482,0,4171,237,0,4,144,270,2,184,22,998,4315,0,1,293,2,1,3624,458,0,67,316,138,21
South Boston Waterfront,2009,0.35,0.12,0,5286,53,24,5579,63,0,0,160,46,4622,482,0,4171,237,0,4,144,270,2,184,22,998,4315,0,1,293,2,1,3624,458,0,67,316,138,21
South Boston Waterfront,2010,0.33,0.22,0,5286,53,24,5579,63,0,0,160,46,4622,482,0,4171,237,0,4,144,270,2,184,22,998,4315,0,1,293,2,1,3624,458,0,67,316,138,21
South Boston Waterfront,2011,0.37,0.19,0,5286,53,24,5579,63,0,0,160,46,4622,482,0,4171,237,0,4,144,270,2,184,22,998,4315,0,1,293,2,1,3624,458,0,67,316,138,21
South Boston Waterfront,2012,0.34,0.15,0,5286,53,24,5579,63,0,0,160,46,4622,482,0,4171,237,0,4,144,270,2,184,22,998,4315,0,1,293,2,1,3624,458,0,67,316,138,21
South Boston Waterfront,2013,0.35,0.14,0,5286,53,24,5579,63,0,0,160,46,4622,482,0,4171,237,0,4,144,270,2,184,22,998,4315,0,1,293,2,1,3624,458,0,67,316,138,21
South Boston Waterfront,2014,0.4,0.13,0,5286,53,24,5579,63,0,0,160,46,4622,482,0,4171,237,0,4,144,270,2,184,22,998,4315,0,1,293,2,1,3624,458,0,67,316,138,21
South Boston Waterfront,2015,0.38,0.13,0,5286,53,24,5579,63,0,0,160,46,4622,482,0,4171,237,0,4,144,270,2,184,22,998,4315,0,1,293,2,1,3624,458,0,67,316,138,21
South Boston Waterfront,2016,0.38,0.14,0,5286,53,24,5579,63,0,0,160,46,4622,482,0,4171,237,0,4,144,270,2,184,22,998,4315,0,1,293,2,1,3624,458,0,67,316,138,21
South Boston Waterfront,2017,0.3,0.19,0,5286,53,24,5579,63,0,0,160,46,4622,482,0,4171,237,0,4,144,270,2,184,22,998,4315,0,1,293,2,1,3624,458,0,67,316,138,21
South Boston Waterfront,2018,0.33,0.17,0,5286,53,24,5579,63,0,0,160,46,4622,482,0,4171,237,0,4,144,270,2,184,22,998,4315,0,1,293,2,1,3624,458,0,67,316,138,21
South Boston Waterfront,2019,0.33,0.2,0,5286,53,24,5579,63,0,0,160,46,4622,482,0,4171,237,0,4,144,270,2,184,22,998,4315,0,1,293,2,1,3624,458,0,67,316,138,21
South Boston Waterfront,2020,0.28,0.3,0,5286,53,24,5579,63,0,0,160,46,4622,482,0,4171,237,0,4,144,270,2,184,22,998,4315,0,1,293,2,1,3624,458,0,67,316,138,21
South Boston Waterfront,2021,0.27,0.35,0,5286,53,24,5579,63,0,0,160,46,4622,482,0,4171,237,0,4,144,270,2,184,22,998,4315,0,1,293,2,1,3624,458,0,67,316,138,21
South Boston Waterfront,2022,0.28,0.41,0,5286,53,24,5579,63,0,0,160,46,4622,482,0,4171,237,0,4,144,270,2,184,22,998,4315,0,1,293,2,1,3624,458,0,67,316,138,21
South Boston Waterfront,2023,0.29,0.35,0,5286,53,24,5579,63,0,0,160,46,4622,482,0,4171,237,0,4,144,270,2,184,22,998,4315,0,1,293,2,1,3624,458,0,67,316,138,21
South Boston Waterfront,2024,0.29,0.38,0,5286,53,24,5579,63,0,0,160,46,4622,482,0,4171,237,0,4,144,270,2,184,22,998,4315,0,1,293,2,1,3624,458,0,67,316,138,21
South End,2004,0.46,0.06,0,25922,324,389,29373,169,0,45,2959,790,16619,4677,0,15203,1109,0,22,1415,2993,30,785,505,1366,16618,6,661,3451,36,706,15253,4288,0,191,3783,2454,22
South End,2005,0.46,0.07,0,25922,324,389,29373,169,0,45,2959,790,16619,4677,0,15203,1109,0,22,1415,2993,30,785,505,1366,16618,6,661,3451,36,706,15253,4288,0,191,3783,2454,22
South End,2006,0.45,0.07,0,25922,324,389,29373,169,0,45,2959,790,16619,4677,0,15203,1109,0,22,1415,2993,30,785,505,1366,16618,6,661,3451,36,706,15253,4288,0,191,3783,2454,22
South End,2007,0.47,0.07,0,25922,324,389,29373,169,0,45,2959,790,16619,4677,0,15203,1109,0,22,1415,2993,30,785,505,1366,16618,6,661,3451,36,706,15253,4288,0,191,3783,2454,22
South End,2008,0.47,0.08,0,25922,324,389,29373,169,0,45,2959,790,16619,4677,0,15203,1109,0,22,1415,2993,30,785,505,1366,16618,6,661,3451,36,706,15253,4288,0,191,3783,2454,22
South End,2009,0.46,0.08,0,25922,324,389,29373,169,0,45,2959,790,16619,4677,0,15203,1109,0,22,1415,2993,30,785,505,1366,16618,6,661,3451,36,706,15253,4288,0,191,3783,2454,22
South End,2010,0.47,0.08,0,25922,324,389,29373,169,0,45,2959,790,16619,4677,0,15203,1109,0,22,1415,2993,30,785,505,1366,16618,6,661,3451,36,706,15253,4288,0,191,3783,2454,22
South End,2011,0.46,0.1,0,25922,324,389,29373,169,0,45,2959,790,16619,4677,0,15203,1109,0,22,1415,2993,30,785,505,1366,16618,6,661,3451,36,706,15253,4288,0,191,3783,2454,22
South End,2012,0.44,0.09,0,25922,324,389,29373,169,0,45,2959,790,16619,4677,0,15203,1109,0,22,1415,2993,30,785,505,1366,16618,6,661,3451,36,706,15253,4288,0,191,3783,2454,22
South End,2013,0.44,0.1,0,25922,324,389,29373,169,0,45,2959,790,16619,4677,0,15203,1109,0,22,1415,2993,30,785,505,1366,16618,6,661,3451,36,706,15253,4288,0,191,3783,2454,22
South End,2014,0.43,0.09,0,25922,324,389,29373,169,0,45,2959,790,16619,4677,0,15203,1109,0,22,1415,2993,30,785,505,1366,16618,6,661,3451,36,706,15253,4288,0,191,3783,2454,22
South End,2015,0.4,0.1,0,25922,324,389,29373,169,0,45,2959,790,16619,4677,0,15203,1109,0,22,1415,2993,30,785,505,1366,16618,6,661,3451,36,706,15253,4288,0,191,3783,2454,22
South End,2016,0.4,0.1,0,25922,324,389,29373,169,0,45,2959,790,16619,4677,0,15203,1109,0,22,1415,2993,30,785,505,1366,16618,6,661,3451,36,706,15253,4288,0,191,3783,2454,22
South End,2017,0.39,0.12,0,25922,324,389,29373,169,0,45,2959,790,16619,4677,0,15203,1109,0,22,1415,2993,30,785,505,1366,16618,6,661,3451,36,706,15253,4288,0,191,3783,2454,22
South End,2018,0.39,0.13,0,25922,324,389,29373,169,0,45,2959,790,16619,4677,0,15203,1109,0,22,1415,2993,30,785,505,1366,16618,6,661,3451,36,706,15253,4288,0,191,3783,2454,22
South End,2019,0.38,0.14,0,25922,324,389,29373,169,0,45,2959,790,16619,4677,0,15203,1109,0,22,1415,2993,30,785,505,1366,16618,6,661,3451,36,706,15253,4288,0,191,3783,2454,22
South End,2020,0.38,0.18,0,25922,324,389,29373,169,0,45,2959,790,16619,4677,0,15203,1109,0,22,1415,2993,30,785,505,1366,16618,6,661,3451,36,706,15253,4288,0,191,3783,2454,22
South End,2021,0.37,0.2,0,25922,324,389,29373,169,0,45,2959,790,16619,4677,0,15203,1109,0,22,1415,2993,30,785,505,1366,16618,6,661,3451,36,706,15253,4288,0,191,3783,2454,22
South End,2022,0.38,0.21,0,25922,324,389,29373,169,0,45,2959,790,16619,4677,0,15203,1109,0,22,1415,2993,30,785,505,1366,16618,6,661,3451,36,706,15253,4288,0,191,3783,2454,22
South End,2023,0.37,0.24,0,25922,324,389,29373,169,0,45,2959,790,16619,4677,0,15203,1109,0,22,1415,2993,30,785,505,1366,16618,6,661,3451,36,706,15253,4288,0,191,3783,2454,22
South End,2024,0.36,0.25,0,25922,324,389,29373,169,0,45,2959,790,16619,4677,0,15203,1109,0,22,1415,2993,30,785,505,1366,16618,6,661,3451,36,706,15253,4288,0,191,3783,2454,22
West End,2004,0.43,0.05,0,7098,76,93,7705,77,0,57,338,82,5243,1440,0,4620,287,34,8,313,531,9,211,35,671,4933,0,53,607,9,144,4572,1347,0,85,613,303,23
West End,2005,0.42,0.06,0,7098,76,93,7705,77,0,57,338,82,5243,1440,0,4620,287,34,8,313,531,9,211,35,671,4933,0,53,607,9,144,4572,1347,0,85,613,303,23
West End,2006,0.41,0.06,0,7098,76,93,7705,77,0,57,338,82,5243,1440,0,4620,287,34,8,313,531,9,211,35,671,4933,0,53,607,9,144,4572,1347,0,85,613,303,23
West End,2007,0.43,0.07,0,7098,76,93,7705,77,0,57,338,82,5243,1440,0,4620,287,34,8,313,531,9,211,35,671,4933,0,53,607,9,144,4572,1347,0,85,613,303,23
West End,2008,0.41,0.08,0,7098,76,93,7705,77,0,57,338,82,5243,1440,0,4620,287,34,8,313,531,9,211,35,671,4933,0,53,607,9,144,4572,1347,0,85,613,303,23
West End,2009,0.4,0.08,0,7098,76,93,7705,77,0,57,338,82,5243,1440,0,4620,287,34,8,313,531,9,211,35,671,4933,0,53,607,9,144,4572,1347,0,85,613,303,23
West End,2010,0.37,0.07,0,7098,76,93,7705,77,0,57,338,82,5243,1440,0,4620,287,34,8,313,531,9,211,35,671,4933,0,53,607,9,144,4572,1347,0,85,613,303,23
West End,2011,0.37,0.08,0,7098,76,93,7705,77,0,57,338,82,5243,1440,0,4620,287,34,8,313,531,9,211,35,671,4933,0,53,607,9,144,4572,1347,0,85,613,303,23
West End,2012,0.34,0.09,0,7098,76,93,7705,77,0,57,338,82,5243,1440,0,4620,287,34,8,313,531,9,211,35,671,4933,0,53,607,9,144,4572,1347,0,85,613,303,23
West End,2013,0.34,0.09,0,7098,76,93,7705,77,0,57,338,82,5243,1440,0,4620,287,34,8,313,531,9,211,35,671,4933,0,53,607,9,144,4572,1347,0,85,613,303,23
West End,2014,0.33,0.1,0,7098,76,93,7705,77,0,57,338,82,5243,1440,0,4620,287,34,8,313,531,9,211,35,671,4933,0,53,607,9,144,4572,1347,0,85,613,303,23
West End,2015,0.33,0.1,0,7098,76,93,7705,77,0,57,338,82,5243,1440,0,4620,287,34,8,313,531,9,211,35,671,4933,0,53,607,9,144,4572,1347,0,85,613,303,23
West End,2016,0.3,0.11,0,7098,76,93,7705,77,0,57,338,82,5243,1440,0,4620,287,34,8,313,531,9,211,35,671,4933,0,53,607,9,144,4572,1347,0,85,613,303,23
West End,2017,0.29,0.12,0,7098,76,93,7705,77,0,57,338,82,5243,1440,0,4620,287,34,8,313,531,9,211,35,671,4933,0,53,607,9,144,4572,1347,0,85,613,303,23
West End,2018,0.29,0.13,0,7098,76,93,7705,77,0,57,338,82,5243,1440,0,4620,287,34,8,313,531,9,211,35,671,4933,0,53,607,9,144,4572,1347,0,85,613,303,23
West End,2019,0.27,0.15,0,7098,76,93,7705,77,0,57,338,82,5243,1440,0,4620,287,34,8,313,531,9,211,35,671,4933,0,53,607,9,144,4572,1347,0,85,613,303,23
West End,2020,0.27,0.21,0,7098,76,93,7705,77,0,57,338,82,5243,1440,0,4620,287,34,8,313,531,9,211,35,671,4933,0,53,607,9,144,4572,1347,0,85,613,303,23
West End,2021,0.27,0.23,0,7098,76,93,7705,77,0,57,338,82,5243,1440,0,4620,287,34,8,313,531,9,211,35,671,4933,0,53,607,9,144,4572,1347,0,85,613,303,23
West End,2022,0.28,0.24,0,7098,76,93,7705,77,0,57,338,82,5243,1440,0,4620,287,34,8,313,531,9,211,35,671,4933,0,53,607,9,144,4572,1347,0,85,613,303,23
West End,2023,0.28,0.27,0,7098,76,93,7705,77,0,57,338,82,5243,1440,0,4620,287,34,8,313,531,9,211,35,671,4933,0,53,607,9,144,4572,1347,0,85,613,303,23
West End,2024,0.27,0.28,0,7098,76,93,7705,77,0,57,338,82,5243,1440,0,4620,287,34,8,313,531,9,211,35,671,4933,0,53,607,9,144,4572,1347,0,85,613,303,23
West Roxbury,2004,0.67,0.01,0,25457,412,450,31561,157,412,0,3312,1021,14070,2451,0,17676,1067,0,63,3242,2546,23,655,913,680,20918,3,93,6104,26,505,13390,2001,0,220,3567,2399,24
West Roxbury,2005,0.68,0.01,0,25457,412,450,31561,157,412,0,3312,1021,14070,2451,0,17676,1067,0,63,3242,2546,23,655,913,680,20918,3,93,6104,26,505,13390,2001,0,220,3567,2399,24
West Roxbury,2006,0.67,0.02,0,25457,412,450,31561,157,412,0,3312,1021,14070,2451,0,17676,1067,0,63,3242,2546,23,655,913,680,20918,3,93,6104,26,505,13390,2001,0,220,3567,2399,24
West Roxbury,2007,0.68,0.02,0,25457,412,450,31561,157,412,0,3312,1021,14070,2451,0,17676,1067,0,63,3242,2546,23,655,913,680,20918,3,93,6104,26,505,13390,2001,0,220,3567,2399,24
West Roxbury,2008,0.68,0.02,0,25457,412,450,31561,157,412,0,3312,1021,14070,2451,0,17676,1067,0,63,3242,2546,23,655,913,680,20918,3,93,6104,26,505,13390,2001,0,220,3567,2399,24
West Roxbury,2009,0.67,0.02,0,25457,412,450,31561,157,412,0,3312,1021,14070,2451,0,17676,1067,0,63,3242,2546,23,655,913,680,20918,3,93,6104,26,505,13390,2001,0,220,3567,2399,24
West Roxbury,2010,0.68,0.02,0,25457,412,450,31561,157,412,0,3312,1021,14070,2451,0,17676,1067,0,63,3242,2546,23,655,913,680,20918,3,93,6104,26,505,13390,2001,0,220,3567,2399,24
West Roxbury,2011,0.67,0.02,0,25457,412,450,31561,157,412,0,3312,1021,14070,2451,0,17676,1067,0,63,3242,2546,23,655,913,680,20918,3,93,6104,26,505,13390,2001,0,220,3567,2399,24
West Roxbury,2012,0.67,0.02,0,25457,412,450,31561,157,412,0,3312,1021,14070,2451,0,17676,1067,0,63,3242,2546,23,655,913,680,20918,3,93,6104,26,505,13390,2001,0,220,3567,2399,24
West Roxbury,2013,0.67,0.03,0,25457,412,450,31561,157,412,0,3312,1021,14070,2451,0,17676,1067,0,63,3242,2546,23,655,913,680,20918,3,93,6104,26,505,13390,2001,0,220,3567,2399,24
West Roxbury,2014,0.67,0.03,0,25457,412,450,31561,157,412,0,3312,1021,14070,2451,0,17676,1067,0,63,3242,2546,23,655,913,680,20918,3,93,6104,26,505,13390,2001,0,220,3567,2399,24
West Roxbury,2015,0.66,0.03,0,25457,412,450,31561,157,412,0,3312,1021,14070,2451,0,17676,1067,0,63,3242,2546,23,655,913,680,20918,3,93,6104,26,505,13390,2001,0,220,3567,2399,24
West Roxbury,2016,0.66,0.03,0,25457,412,450,31561,157,412,0,3312,1021,14070,2451,0,17676,1067,0,63,3242,2546,23,655,913,680,20918,3,93,6104,26,505,13390,2001,0,220,3567,2399,24
West Roxbury,2017,0.66,0.04,0,25457,412,450,31561,157,412,0,3312,1021,14070,2451,0,17676,1067,0,63,3242,2546,23,655,913,680,20918,3,93,6104,26,505,13390,2001,0,220,3567,2399,24
West Roxbury,2018,0.66,0.04,0,25457,412,450,31561,157,412,0,3312,1021,14070,2451,0,17676,1067,0,63,3242,2546,23,655,913,680,20918,3,93,6104,26,505,13390,2001,0,220,3567,2399,24
West Roxbury,2019,0.66,0.05,0,25457,412,450,31561,157,412,0,3312,1021,14070,2451,0,17676,1067,0,63,3242,2546,23,655,913,680,20918,3,93,6104,26,505,13390,2001,0,220,3567,2399,24
West Roxbury,2020,0.66,0.07,0,25457,412,450,31561,157,412,0,3312,1021,14070,2451,0,17676,1067,0,63,3242,2546,23,655,913,680,20918,3,93,6104,26,505,13390,2001,0,220,3567,2399,24
West Roxbury,2021,0.66,0.09,0,25457,412,450,31561,157,412,0,3312,1021,14070,2451,0,17676,1067,0,63,3242,2546,23,655,913,680,20918,3,93,6104,26,505,13390,2001,0,220,3567,2399,24
West Roxbury,2022,0.67,0.09,0,25457,412,450,31561,157,412,0,3312,1021,14070,2451,0,17676,1067,0,63,3242,2546,23,655,913,680,20918,3,93,6104,26,505,13390,2001,0,220,3567,2399,24
West Roxbury,2023,0.66,0.11,0,25457,412,450,31561,157,412,0,3312,1021,14070,2451,0,17676,1067,0,63,3242,2546,23,655,913,680,20918,3,93,6104,26,505,13390,2001,0,220,3567,2399,24
West Roxbury,2024,0.66,0.13,0,25457,412,450,31561,157,412,0,3312,1021,14070,2451,0,17676,1067,0,63,3242,2546,23,655,913,680,20918,3,93,6104,26,505,13390,2001,0,220,3567,2399,24
